,Date,Price
0,2022-05-22 13:11:58,2.90352087686
1,2022-05-22 13:12:29,2.85810587686
2,2022-05-22 13:13:29,2.83847387686
3,2022-05-22 13:14:45,2.85176827686
4,2022-05-22 13:15:01,2.85240379686
5,2022-05-22 13:16:05,2.87391221286
6,2022-05-22 13:16:38,2.88111894586
7,2022-05-22 13:17:46,2.90749664086
8,2022-05-22 13:17:46,2.89688433186
9,2022-05-22 13:18:43,2.90698648786
10,2022-05-22 13:19:37,2.90757836586
11,2022-05-22 13:20:31,2.91505186786
12,2022-05-22 13:21:24,2.91981371136
13,2022-05-22 13:21:24,2.91103066986
14,2022-05-22 13:21:39,2.92284014436
15,2022-05-22 13:22:35,2.92526129086
16,2022-05-22 13:22:35,2.93219820786
17,2022-05-22 13:23:14,2.9317477418599998
18,2022-05-22 13:23:55,2.93738736886
19,2022-05-22 13:24:23,2.95270843186
20,2022-05-22 13:24:23,2.9508990703599998
21,2022-05-22 13:24:31,2.95295592086
22,2022-05-22 13:25:01,2.99235391186
23,2022-05-22 13:25:13,2.9838723048599998
24,2022-05-22 13:25:13,2.98908701936
25,2022-05-22 13:25:36,3.0222587908599996
26,2022-05-22 13:26:28,3.06379620786
27,2022-05-22 13:26:34,3.0780261418599997
28,2022-05-22 13:26:57,3.14411724636
29,2022-05-22 13:26:57,3.09141008886
30,2022-05-22 13:27:50,3.1962829723599997
50,2022-05-22 13:45:41,3.19297413146
51,2022-05-22 13:46:39,3.16090292646
52,2022-05-22 13:47:10,3.15324596196
53,2022-05-22 13:47:10,3.1481203904600004
54,2022-05-22 13:47:19,3.14401993346
55,2022-05-22 13:47:53,3.14173956796
56,2022-05-22 13:47:53,3.13891527496
57,2022-05-22 13:48:23,3.13765584096
58,2022-05-22 13:48:23,3.13664829396
59,2022-05-22 13:49:04,3.1357422559600003
60,2022-05-22 13:49:05,3.1351174259600003
61,2022-05-22 13:49:23,3.1346175614600003
62,2022-05-22 13:49:33,3.13221767046
63,2022-05-22 13:49:33,3.13229775746
64,2022-05-22 13:50:29,3.13136182696
65,2022-05-22 13:50:29,3.12661308246
66,2022-05-22 13:50:42,3.12281408696
67,2022-05-22 13:51:23,3.11877489046
68,2022-05-22 13:51:56,3.12154353346
69,2022-05-22 13:52:07,3.12275844796
70,2022-05-22 13:52:07,3.11973037896
71,2022-05-22 13:52:07,3.11830792446
72,2022-05-22 13:52:46,3.11316996046
73,2022-05-22 13:53:17,3.10705958946
74,2022-05-22 13:53:24,3.11117129246
75,2022-05-22 13:53:24,3.10946065496
76,2022-05-22 13:53:50,3.1140821449600002
77,2022-05-22 13:53:50,3.11778933696
78,2022-05-22 13:53:50,3.12075509046
79,2022-05-22 13:54:11,3.11312769346
80,2022-05-22 13:54:35,3.10702577596
81,2022-05-22 13:54:35,3.10214424146
82,2022-05-22 13:55:00,3.10123901446
83,2022-05-22 13:55:21,3.09751483246
84,2022-05-22 13:55:38,3.10453548696
85,2022-05-22 13:56:02,3.10015201046
86,2022-05-22 13:56:39,3.09964522946
87,2022-05-22 13:57:16,3.0952398044600002
88,2022-05-22 13:58:36,3.09271546446
89,2022-05-22 13:59:14,3.09269599246
90,2022-05-22 13:59:14,3.09468041496
91,2022-05-22 13:59:19,3.09026795296
92,2022-05-22 13:59:57,3.08173798346
93,2022-05-22 14:00:10,3.0839140079600003
94,2022-05-22 14:00:15,3.08565482696
95,2022-05-22 14:00:37,3.08504748296
96,2022-05-22 14:00:37,3.07456160696
97,2022-05-22 14:00:37,3.07617290696
98,2022-05-22 14:01:12,3.07746194646
99,2022-05-22 14:01:46,3.07749317796
100,2022-05-22 14:02:03,3.07851816346
101,2022-05-22 14:02:22,3.08733815196
102,2022-05-22 14:02:22,3.08439414246
103,2022-05-22 14:02:48,3.06903893496
104,2022-05-22 14:03:46,3.07175476896
105,2022-05-22 14:04:06,3.07092743596
106,2022-05-22 14:04:35,3.08326556996
107,2022-05-22 14:05:56,3.05813607696
108,2022-05-22 14:06:30,3.02303248246
109,2022-05-22 14:06:50,3.0139496069600002
110,2022-05-22 14:07:39,2.9701793859800003
111,2022-05-22 14:09:02,2.96391308548
112,2022-05-22 14:09:05,2.92919990866
113,2022-05-22 14:09:40,2.92218686866
114,2022-05-22 14:10:33,2.91757643616
115,2022-05-22 14:11:32,2.90488809016
116,2022-05-22 14:11:32,2.89973741366
117,2022-05-22 14:12:25,2.87228502224
118,2022-05-22 14:12:37,2.85032310908
119,2022-05-22 14:12:53,2.83308763607
120,2022-05-22 14:13:10,2.81667066157
121,2022-05-22 14:13:10,2.82396709507
122,2022-05-22 14:14:08,2.79616379807
123,2022-05-22 14:14:08,2.81083351557
124,2022-05-22 14:14:39,2.80802992965
125,2022-05-22 14:14:46,2.7866244386499996
126,2022-05-22 14:15:33,2.78123581965
127,2022-05-22 14:15:33,2.7689249241500002
128,2022-05-22 14:15:46,2.76997620815
129,2022-05-22 14:16:53,2.75591723515
130,2022-05-22 14:17:26,2.7466700571500002
131,2022-05-22 14:18:22,2.7275723141499997
132,2022-05-22 14:18:22,2.69899412015
133,2022-05-22 14:18:22,2.70213156465
134,2022-05-22 14:19:09,2.7006415206499996
135,2022-05-22 14:19:09,2.69744948515
136,2022-05-22 14:20:05,2.77320661642
137,2022-05-22 14:20:07,2.77565298842
138,2022-05-22 14:20:21,2.77761008542
139,2022-05-22 14:20:21,2.7741757634199997
140,2022-05-22 14:20:45,2.7764283059199997
141,2022-05-22 14:20:45,2.7782303394200003
142,2022-05-22 14:20:54,2.78367196642
143,2022-05-22 14:20:54,2.78902526842
144,2022-05-22 14:20:54,2.79320790942
145,2022-05-22 14:21:23,2.7966540229200003
146,2022-05-22 14:21:58,2.80441091292
147,2022-05-22 14:22:09,2.80361642542
148,2022-05-22 14:22:25,2.81498083542
149,2022-05-22 14:23:05,2.80534558542
150,2022-05-22 14:23:05,2.80407236342
151,2022-05-22 14:23:38,2.83257902592
152,2022-05-22 14:23:38,2.81436416342
153,2022-05-22 14:25:08,2.88917443692
154,2022-05-22 14:25:08,2.8776084274200002
155,2022-05-22 14:25:08,2.85815091542
156,2022-05-22 14:25:10,2.9334272444200002
157,2022-05-22 14:25:53,2.9388294904200003
158,2022-05-22 14:26:08,2.95864872492
159,2022-05-22 14:26:08,2.95195128742
160,2022-05-22 14:26:08,2.96590667492
161,2022-05-22 14:27:01,2.9598130349200003
162,2022-05-22 14:27:29,2.9719381229199997
163,2022-05-22 14:27:29,2.9776381934200002
164,2022-05-22 14:27:50,2.96419824942
165,2022-05-22 14:28:07,2.98344629492
166,2022-05-22 14:28:07,2.9978447309200003
167,2022-05-22 14:28:39,3.00736347942
168,2022-05-22 14:28:44,3.01797847842
169,2022-05-22 14:28:44,3.02647047792
170,2022-05-22 14:28:44,3.0332640774199997
171,2022-05-22 14:28:44,3.03869895692
172,2022-05-22 14:30:02,3.04652518342
173,2022-05-22 14:30:02,3.04304686042
174,2022-05-22 14:30:02,3.05930784142
175,2022-05-22 14:30:47,3.06853396842
176,2022-05-22 14:31:01,3.07691486942
177,2022-05-22 14:31:10,3.09361959092
178,2022-05-22 14:31:45,3.08698336742
179,2022-05-22 14:31:45,3.1066743889199997
180,2022-05-22 14:31:46,3.0842250939299998
181,2022-05-22 14:32:15,3.05932065795
182,2022-05-22 14:32:45,3.0768757289499997
183,2022-05-22 14:32:45,3.0690734754499998
184,2022-05-22 14:32:56,3.08411753195
185,2022-05-22 14:32:56,3.08991097445
186,2022-05-22 14:32:56,3.0925457284499998
187,2022-05-22 14:33:45,3.09065353145
188,2022-05-22 14:34:14,3.0751397739499997
189,2022-05-22 14:34:24,3.0807287679499997
190,2022-05-22 14:34:27,3.10519996295
191,2022-05-22 14:35:18,3.10177691945
192,2022-05-22 14:35:42,3.10303848445
193,2022-05-22 14:35:53,3.11204773595
194,2022-05-22 14:35:53,3.12615513795
195,2022-05-22 14:36:08,3.13354105895
196,2022-05-22 14:36:37,3.14344979595
197,2022-05-22 14:37:20,3.14537678545
198,2022-05-22 14:37:20,3.14891837745
199,2022-05-22 14:37:55,3.18175165045
200,2022-05-22 14:37:55,3.17701826945
201,2022-05-22 14:38:36,3.17423156395
202,2022-05-22 14:38:53,3.19190219995
203,2022-05-22 14:38:55,3.16612865116
204,2022-05-22 14:38:56,3.1743651601600003
205,2022-05-22 14:39:46,3.1964988251600004
206,2022-05-22 14:39:46,3.1813543671600004
207,2022-05-22 14:39:46,3.19254573266
208,2022-05-22 14:40:06,3.17966129916
209,2022-05-22 14:41:02,3.1901912781600004
210,2022-05-22 14:41:02,3.1996152616600004
211,2022-05-22 14:42:07,3.2011543486600003
231,2022-05-22 15:00:40,3.19036015016
232,2022-05-22 15:00:43,3.17596543016
233,2022-05-22 15:00:45,3.1604496541600002
234,2022-05-22 15:00:48,3.15203703336
235,2022-05-22 15:00:54,3.1645069367600005
236,2022-05-22 15:01:06,3.16328285936
237,2022-05-22 15:01:17,3.19470359756
238,2022-05-22 15:01:18,3.1998401881600005
239,2022-05-22 15:01:35,3.1779494605600003
241,2022-05-22 15:01:47,3.1892268127600003
242,2022-05-22 15:01:54,3.1902587601600003
248,2022-05-22 15:03:28,3.2020912907600003
249,2022-05-22 15:03:28,3.1377828197600004
250,2022-05-22 15:03:43,3.1570418717600006
251,2022-05-22 15:04:08,3.1356091131600006
252,2022-05-22 15:04:25,3.1137025063600006
253,2022-05-22 15:04:27,3.0957776209600003
254,2022-05-22 15:04:52,3.0758377125600003
255,2022-05-22 15:04:58,3.0598857859600006
256,2022-05-22 15:05:00,3.0471242445600004
257,2022-05-22 15:05:02,3.0387150115600003
258,2022-05-22 15:05:05,2.9782682345600002
259,2022-05-22 15:05:06,2.9717408479600005
260,2022-05-22 15:05:06,2.9712789387600003
261,2022-05-22 15:05:12,3.0037494115600003
262,2022-05-22 15:05:14,3.0293257895600005
263,2022-05-22 15:05:20,3.01018689216
264,2022-05-22 15:05:45,3.0072757741600005
265,2022-05-22 15:05:54,3.0125468797600004
266,2022-05-22 15:05:59,3.00116376416
267,2022-05-22 15:06:02,3.0195372717600004
268,2022-05-22 15:06:08,2.9701798507600006
269,2022-05-22 15:06:34,2.9695737017600004
270,2022-05-22 15:06:34,2.9653986569600006
271,2022-05-22 15:06:35,2.9809137375600003
272,2022-05-22 15:06:38,2.94692780006
273,2022-05-22 15:06:45,2.93999982886
274,2022-05-22 15:06:52,2.93445745186
275,2022-05-22 15:07:01,2.91722355026
276,2022-05-22 15:07:02,2.9349987318600004
277,2022-05-22 15:07:02,2.91623642886
278,2022-05-22 15:07:20,2.93045657426
279,2022-05-22 15:07:21,2.8967678247600004
280,2022-05-22 15:07:21,2.8768168247599997
281,2022-05-22 15:07:30,2.89878309856
282,2022-05-22 15:07:43,2.84382229906
283,2022-05-22 15:07:47,2.81019531826
284,2022-05-22 15:08:01,2.8102266782600003
285,2022-05-22 15:08:07,2.83524509346
286,2022-05-22 15:08:29,2.8509398256600003
287,2022-05-22 15:08:37,2.83547561146
288,2022-05-22 15:08:40,2.8395006994600003
289,2022-05-22 15:08:43,2.82514932806
290,2022-05-22 15:08:47,2.82436939856
291,2022-05-22 15:08:47,2.82774545506
292,2022-05-22 15:08:51,2.96422435806
293,2022-05-22 15:08:52,2.95744748046
294,2022-05-22 15:08:53,2.91562597826
295,2022-05-22 15:08:55,2.93816877646
296,2022-05-22 15:08:58,2.92586962146
297,2022-05-22 15:09:23,2.90554873746
298,2022-05-22 15:09:23,2.92901767096
299,2022-05-22 15:09:23,2.9284788384600002
300,2022-05-22 15:09:23,2.93393029746
301,2022-05-22 15:09:23,2.89836453606
302,2022-05-22 15:09:37,2.87187192706
303,2022-05-22 15:09:40,2.8503178398599998
304,2022-05-22 15:09:41,2.82387456986
305,2022-05-22 15:09:43,2.8135199540599998
306,2022-05-22 15:09:45,2.80603626146
307,2022-05-22 15:09:52,2.78187955446
308,2022-05-22 15:10:00,2.78149260026
309,2022-05-22 15:10:06,2.78958303686
310,2022-05-22 15:10:19,2.80405538626
311,2022-05-22 15:10:23,2.81343526826
312,2022-05-22 15:10:23,2.81614229876
313,2022-05-22 15:10:23,2.8230547987600003
314,2022-05-22 15:10:23,2.80993917426
315,2022-05-22 15:10:42,2.80165935726
316,2022-05-22 15:10:42,2.7951170536600003
317,2022-05-22 15:10:44,2.79289320026
318,2022-05-22 15:10:56,2.80988027446
319,2022-05-22 15:10:57,2.80546993386
320,2022-05-22 15:10:58,2.82416555836
321,2022-05-22 15:11:16,2.81023728596
322,2022-05-22 15:11:21,2.8854946679599998
323,2022-05-22 15:11:25,2.87895866746
324,2022-05-22 15:11:25,2.90316457306
325,2022-05-22 15:11:40,2.93955273306
326,2022-05-22 15:11:40,2.92393577306
327,2022-05-22 15:11:40,2.95204630106
328,2022-05-22 15:12:13,2.9531310256600003
329,2022-05-22 15:12:23,2.9258788052600004
330,2022-05-22 15:12:23,2.9384770288600004
331,2022-05-22 15:12:28,2.9444677663600003
332,2022-05-22 15:12:28,2.93347188286
333,2022-05-22 15:12:35,2.92355046186
334,2022-05-22 15:12:36,2.91481332506
335,2022-05-22 15:12:48,2.93560591556
336,2022-05-22 15:12:48,2.94344328106
337,2022-05-22 15:13:00,2.96325357146
338,2022-05-22 15:13:04,3.06110180406
339,2022-05-22 15:13:05,3.04418038986
340,2022-05-22 15:13:13,3.01384325866
341,2022-05-22 15:13:14,3.0201131506600003
342,2022-05-22 15:13:14,3.02512906466
343,2022-05-22 15:13:14,3.02914179566
344,2022-05-22 15:13:14,3.03235198066
345,2022-05-22 15:13:15,3.02328227566
346,2022-05-22 15:13:54,3.02585042366
347,2022-05-22 15:13:54,2.9977946596600002
348,2022-05-22 15:13:57,2.9829500484600002
349,2022-05-22 15:14:05,2.9800045664600003
350,2022-05-22 15:14:05,2.97864818146
351,2022-05-22 15:14:10,2.95877249246
352,2022-05-22 15:14:12,2.94487194126
353,2022-05-22 15:14:17,2.95727150046
354,2022-05-22 15:14:21,2.96167114766
355,2022-05-22 15:14:26,2.96767086546
356,2022-05-22 15:14:27,2.95119063966
357,2022-05-22 15:14:42,2.9544374446600004
358,2022-05-22 15:14:42,2.95410553116
359,2022-05-22 15:14:50,2.95972135056
360,2022-05-22 15:14:57,2.96621400616
361,2022-05-22 15:15:44,2.9642081305600003
362,2022-05-22 15:15:46,2.9748055745600004
363,2022-05-22 15:16:08,2.98040087396
364,2022-05-22 15:16:11,2.9906132984600005
365,2022-05-22 15:16:11,2.98678323846
366,2022-05-22 15:16:11,3.02571918996
367,2022-05-22 15:16:21,3.02930342976
368,2022-05-22 15:16:24,3.1330628213600002
369,2022-05-22 15:16:29,3.0952703347600004
370,2022-05-22 15:16:55,3.0814190962600003
371,2022-05-22 15:16:55,3.06750510686
372,2022-05-22 15:17:04,3.0388539154600003
373,2022-05-22 15:17:09,3.03113296226
374,2022-05-22 15:17:20,3.01175619986
375,2022-05-22 15:17:30,3.0146547896600002
376,2022-05-22 15:17:31,3.00257366166
377,2022-05-22 15:18:00,3.00890875926
378,2022-05-22 15:18:04,2.99237683746
379,2022-05-22 15:18:09,3.00875129986
380,2022-05-22 15:18:20,3.01385086986
381,2022-05-22 15:18:20,3.0135305258600003
382,2022-05-22 15:18:25,3.01687425046
383,2022-05-22 15:18:27,3.00679325946
384,2022-05-22 15:18:37,2.9999282232600004
385,2022-05-22 15:18:37,3.0058682394600003
386,2022-05-22 15:18:41,3.0307762102600004
387,2022-05-22 15:18:49,3.0238546000600004
388,2022-05-22 15:18:57,3.0154373116600004
389,2022-05-22 15:19:08,3.0043725191600004
390,2022-05-22 15:19:14,2.9833186885600003
391,2022-05-22 15:19:17,2.9712756241600005
392,2022-05-22 15:19:22,2.9756411725600005
393,2022-05-22 15:19:24,2.9871336111600004
394,2022-05-22 15:19:26,3.0795275621600005
395,2022-05-22 15:20:04,3.05824272296
396,2022-05-22 15:20:09,3.05639088846
397,2022-05-22 15:20:19,3.0433630170600003
398,2022-05-22 15:20:23,3.02454072006
399,2022-05-22 15:20:28,3.0018828824600003
400,2022-05-22 15:20:40,3.00375661226
401,2022-05-22 15:21:12,3.00045559606
402,2022-05-22 15:21:29,2.99897412906
403,2022-05-22 15:21:34,3.01278895506
404,2022-05-22 15:21:57,3.0097481422600003
405,2022-05-22 15:21:58,3.0158000032600003
406,2022-05-22 15:22:14,3.0305673528600003
407,2022-05-22 15:22:33,3.02038123266
408,2022-05-22 15:22:46,3.01543233646
409,2022-05-22 15:22:53,3.01227321946
410,2022-05-22 15:23:24,2.99574592586
411,2022-05-22 15:23:53,2.99032409106
412,2022-05-22 15:23:54,2.9793866232600004
413,2022-05-22 15:24:09,2.9766366088600003
414,2022-05-22 15:24:21,2.97923663746
415,2022-05-22 15:24:30,2.97611666026
416,2022-05-22 15:24:32,3.12682067866
417,2022-05-22 15:24:37,3.1216621671600002
418,2022-05-22 15:24:39,3.09222538176
419,2022-05-22 15:24:56,3.0714759533600002
420,2022-05-22 15:25:02,3.05007641076
421,2022-05-22 15:25:14,3.0649567765600003
422,2022-05-22 15:25:15,3.11646106936
423,2022-05-22 15:25:16,3.11533426036
424,2022-05-22 15:25:43,3.08093769456
425,2022-05-22 15:25:55,3.1055149895600005
426,2022-05-22 15:25:55,3.0940362475600005
427,2022-05-22 15:26:04,3.0721189947600003
428,2022-05-22 15:26:10,3.0539851927600004
429,2022-05-22 15:26:27,3.0384381509600003
430,2022-05-22 15:26:34,3.0510999869600006
431,2022-05-22 15:27:02,3.04270235356
432,2022-05-22 15:27:02,3.0332642469600004
433,2022-05-22 15:27:04,3.0184337615600003
434,2022-05-22 15:27:08,3.0105693733600005
435,2022-05-22 15:27:19,3.0052778627600003
436,2022-05-22 15:27:28,3.0060446541600006
437,2022-05-22 15:27:29,3.0006580873600006
438,2022-05-22 15:27:39,2.99750083396
439,2022-05-22 15:27:44,2.9994230311600005
440,2022-05-22 15:27:52,2.9985607889600003
441,2022-05-22 15:27:53,3.0086709951600006
442,2022-05-22 15:28:08,3.1167591601600004
443,2022-05-22 15:28:15,3.0888296921600005
444,2022-05-22 15:28:51,3.0688861177600004
445,2022-05-22 15:28:51,3.0529312581600005
446,2022-05-22 15:29:06,3.1921673705600004
447,2022-05-22 15:29:22,3.16355626056
448,2022-05-22 15:29:35,3.1685027355599997
449,2022-05-22 15:29:44,3.13601384756
450,2022-05-22 15:29:57,3.10042273696
451,2022-05-22 15:29:59,3.07914984856
452,2022-05-22 15:30:34,3.0603315379600002
453,2022-05-22 15:30:55,3.04707688936
454,2022-05-22 15:30:57,3.03647317056
455,2022-05-22 15:31:03,3.02399019556
456,2022-05-22 15:31:05,3.01800381536
457,2022-05-22 15:31:34,3.01521471136
458,2022-05-22 15:31:34,3.00717189136
459,2022-05-22 15:31:40,2.99334060816
460,2022-05-22 15:31:47,2.99187558156
461,2022-05-22 15:32:11,2.98950356016
462,2022-05-22 15:32:14,3.02080594316
463,2022-05-22 15:32:22,3.0138478495600003
464,2022-05-22 15:32:42,3.00788137476
465,2022-05-22 15:32:56,2.9951081947600002
466,2022-05-22 15:32:57,2.98928965096
467,2022-05-22 15:32:59,2.9886348157600002
468,2022-05-22 15:33:06,2.9762005597600005
469,2022-05-22 15:33:11,2.9752766915600004
470,2022-05-22 15:33:12,2.9745375971600003
471,2022-05-22 15:33:14,2.9703463215600006
472,2022-05-22 15:33:17,3.0025933011600006
473,2022-05-22 15:33:33,2.99679088476
474,2022-05-22 15:33:38,3.0517489515600005
475,2022-05-22 15:33:45,3.0321154051600003
476,2022-05-22 15:33:48,3.0251680001600003
477,2022-05-22 15:33:51,3.0154611629600003
478,2022-05-22 15:34:00,3.0112956931600006
479,2022-05-22 15:34:09,2.9979633173600004
480,2022-05-22 15:34:13,2.9856974167600003
481,2022-05-22 15:34:22,2.9961394932600003
482,2022-05-22 15:34:59,2.98926277266
483,2022-05-22 15:35:14,3.03882539626
484,2022-05-22 15:35:23,3.02247549526
485,2022-05-22 15:35:46,3.0136715742600004
486,2022-05-22 15:36:36,2.9903524374600003
487,2022-05-22 15:36:46,2.9637060984600003
488,2022-05-22 15:36:48,2.9823890269600004
489,2022-05-22 15:36:52,2.9697337177600005
490,2022-05-22 15:37:27,3.0156094701600002
491,2022-05-22 15:37:32,3.0019100721600003
492,2022-05-22 15:37:35,2.9908705537600007
493,2022-05-22 15:37:43,2.98251893896
494,2022-05-22 15:37:46,3.1318376473600003
495,2022-05-22 15:37:56,3.0992926137600003
496,2022-05-22 15:38:13,3.0730565871600004
497,2022-05-22 15:38:15,3.06300293016
498,2022-05-22 15:38:53,3.06421410876
499,2022-05-22 15:39:03,3.03238305156
500,2022-05-22 15:39:21,3.0223401260600005
501,2022-05-22 15:39:22,3.0032752804600005
502,2022-05-22 15:39:39,2.9848234038600006
503,2022-05-22 15:40:01,2.9804219026600007
504,2022-05-22 15:40:10,2.9697407016600006
505,2022-05-22 15:40:42,2.9603957408600006
506,2022-05-22 15:41:01,2.9531197722600004
507,2022-05-22 15:41:54,3.0242989972600007
508,2022-05-22 15:42:11,3.0012423774600006
509,2022-05-22 15:42:15,3.0627970814600003
510,2022-05-22 15:42:19,3.0376408446600003
511,2022-05-22 15:43:01,3.0129490552600005
512,2022-05-22 15:43:18,2.9917624236600004
513,2022-05-22 15:43:44,2.9917280831600004
514,2022-05-22 15:44:12,2.9751787779600005
515,2022-05-22 15:44:42,2.96193933376
516,2022-05-22 15:45:00,2.9732745341600006
517,2022-05-22 15:45:00,2.97934777856
518,2022-05-22 15:45:08,2.9614159387600005
519,2022-05-22 15:45:24,2.9549290625600007
520,2022-05-22 15:45:35,2.9457395613600004
521,2022-05-22 15:45:50,2.9563879605600003
522,2022-05-22 15:45:51,2.9485066799600004
523,2022-05-22 15:46:02,2.9474792074600003
524,2022-05-22 15:46:15,2.93777418286
525,2022-05-22 15:46:25,2.9478101632600002
526,2022-05-22 15:46:30,2.9469881852600004
527,2022-05-22 15:46:59,2.9470169694600004
528,2022-05-22 15:47:17,2.9370399968600003
529,2022-05-22 15:47:32,2.9350584188600006
530,2022-05-22 15:47:32,2.93440083686
531,2022-05-22 15:47:41,2.92881557446
532,2022-05-22 15:48:12,2.9243473644600004
533,2022-05-22 15:48:17,2.9193212984600003
534,2022-05-22 15:48:17,2.91480044596
535,2022-05-22 15:48:26,2.91122587796
536,2022-05-22 15:48:59,2.9126091954600004
537,2022-05-22 15:49:01,2.91689754106
538,2022-05-22 15:49:07,2.9131802176600003
539,2022-05-22 15:49:24,2.91020635886
540,2022-05-22 15:49:38,2.91131301336
541,2022-05-22 15:49:58,2.9089339263600005
542,2022-05-22 15:50:01,2.92971065676
543,2022-05-22 15:50:01,2.9276520409600004
544,2022-05-22 15:50:20,2.9220051483600002
545,2022-05-22 15:50:23,2.9174876343600005
546,2022-05-22 15:50:27,2.91387362316
547,2022-05-22 15:50:37,2.9101824141600003
548,2022-05-22 15:50:53,2.9080294469600005
549,2022-05-22 15:50:56,2.9114977704600005
550,2022-05-22 15:51:07,2.93948942896
551,2022-05-22 15:51:07,2.9320827559600007
552,2022-05-22 15:51:15,2.96187238216
553,2022-05-22 15:51:44,3.01694704366
554,2022-05-22 15:51:48,3.0408667446600006
555,2022-05-22 15:51:49,3.02640250546
556,2022-05-22 15:52:03,3.01679111406
557,2022-05-22 15:52:24,3.00185084356
558,2022-05-22 15:52:29,2.9938017305600004
559,2022-05-22 15:52:31,2.9977624399600002
560,2022-05-22 15:52:39,3.1675458617600007
561,2022-05-22 15:52:39,3.0185310077600005
562,2022-05-22 15:52:43,3.1287577449600006
563,2022-05-22 15:53:13,3.0957272517600005
564,2022-05-22 15:53:17,3.0787750352600005
565,2022-05-22 15:53:43,3.0523506404600003
566,2022-05-22 15:53:59,3.04512380144
567,2022-05-22 15:54:00,3.0365620279399996
568,2022-05-22 15:54:01,3.0307805567
569,2022-05-22 15:54:03,3.0236410409
570,2022-05-22 15:54:17,3.0157916224
571,2022-05-22 15:55:09,3.0105120874
572,2022-05-22 15:55:17,2.9908004748000003
573,2022-05-22 15:55:49,2.9745911848
574,2022-05-22 15:56:05,2.9616637526000003
575,2022-05-22 15:56:33,3.0677218070000003
576,2022-05-22 15:56:49,3.1316454052000005
577,2022-05-22 15:56:49,3.0565682504000002
579,2022-05-22 15:57:08,3.1618765082
585,2022-05-22 15:58:40,3.146557704
586,2022-05-22 15:58:41,3.138334076
587,2022-05-22 15:59:16,3.1034133400000004
588,2022-05-22 15:59:19,3.1234767514
589,2022-05-22 15:59:48,3.0783274804
590,2022-05-22 15:59:50,3.0422080636
591,2022-05-22 15:59:50,3.0145125302
592,2022-05-22 15:59:56,3.0108336282000003
593,2022-05-22 16:00:08,3.0079905062000005
594,2022-05-22 16:00:23,2.9844340794000006
595,2022-05-22 16:00:23,3.0989889380000006
596,2022-05-22 16:00:27,3.1106328248000006
597,2022-05-22 16:00:33,3.0659479344000005
598,2022-05-22 16:00:59,3.0314000220000006
599,2022-05-22 16:01:04,3.0134416920000007
600,2022-05-22 16:01:10,3.0101950282000005
601,2022-05-22 16:01:13,3.0475976970000005
602,2022-05-22 16:01:21,3.0153198320000003
603,2022-05-22 16:01:37,2.9932975402000004
604,2022-05-22 16:01:39,2.9728797066000006
605,2022-05-22 16:01:45,2.9689454398000006
606,2022-05-22 16:01:56,2.9630380262000005
607,2022-05-22 16:02:06,2.9582635287000003
608,2022-05-22 16:02:16,3.0250975981000003
609,2022-05-22 16:02:21,3.0145648533000005
610,2022-05-22 16:02:25,2.9950586577000005
611,2022-05-22 16:02:26,2.9745337011000004
612,2022-05-22 16:02:58,2.9545137359
613,2022-05-22 16:03:05,2.9398977637000003
614,2022-05-22 16:03:09,2.9295649859000004
615,2022-05-22 16:03:10,2.9221387637000005
616,2022-05-22 16:03:12,2.9641977859
617,2022-05-22 16:03:15,2.9580450037
618,2022-05-22 16:03:40,3.0609227779
619,2022-05-22 16:03:42,3.0268249973000003
620,2022-05-22 16:04:26,3.0175053993
621,2022-05-22 16:04:33,2.9866271748999997
622,2022-05-22 16:04:36,2.9615245953
623,2022-05-22 16:04:48,2.9410425317
624,2022-05-22 16:05:04,2.9374968807
625,2022-05-22 16:05:48,2.9373803599
626,2022-05-22 16:06:00,2.9265271433
627,2022-05-22 16:06:27,2.9174445701
628,2022-05-22 16:06:41,2.9085785115
629,2022-05-22 16:06:47,2.9182856645
630,2022-05-22 16:06:57,2.9464513868999997
631,2022-05-22 16:07:04,2.9417439649
632,2022-05-22 16:07:14,2.9287780273
633,2022-05-22 16:08:19,2.9156452773
634,2022-05-22 16:08:38,2.9007390771
635,2022-05-22 16:08:46,2.8932141171
636,2022-05-22 16:09:14,2.8737584386
637,2022-05-22 16:09:17,2.8677384706
638,2022-05-22 16:09:21,2.8731224962
639,2022-05-22 16:09:37,2.8959897166
640,2022-05-22 16:09:40,2.889523493
641,2022-05-22 16:09:53,2.879350514
642,2022-05-22 16:10:01,2.871332131
643,2022-05-22 16:10:33,2.8657675885000002
644,2022-05-22 16:10:33,2.860315954
645,2022-05-22 16:10:57,2.8535812473999997
646,2022-05-22 16:11:36,2.8487199404
647,2022-05-22 16:11:39,2.8605321752000004
648,2022-05-22 16:11:48,2.860181963
649,2022-05-22 16:12:01,2.8577017934000004
650,2022-05-22 16:12:12,2.8497176576000003
651,2022-05-22 16:12:40,2.849330349
652,2022-05-22 16:13:11,2.845020502
653,2022-05-22 16:13:30,2.8655726244000004
654,2022-05-22 16:13:32,2.8556143224
655,2022-05-22 16:13:39,2.9384476808000004
656,2022-05-22 16:13:54,2.9370586348
657,2022-05-22 16:14:34,2.9144453216
658,2022-05-22 16:15:09,2.9083340851000004
659,2022-05-22 16:15:28,2.9024450956000005
660,2022-05-22 16:15:30,2.9964344450000002
661,2022-05-22 16:15:31,2.9836259244000005
662,2022-05-22 16:15:55,2.9469791080000003
663,2022-05-22 16:16:14,2.9164616548000004
664,2022-05-22 16:16:18,2.9094383473
665,2022-05-22 16:16:18,2.9165504633
666,2022-05-22 16:16:18,2.9148215103000004
667,2022-05-22 16:16:40,2.9021318173000004
668,2022-05-22 16:17:19,3.0257178549
669,2022-05-22 16:17:52,3.0276726308999997
670,2022-05-22 16:17:55,2.9865414609000003
671,2022-05-22 16:18:22,2.9456365249000003
672,2022-05-22 16:18:23,2.9494003459
673,2022-05-22 16:18:25,2.9242763971000003
674,2022-05-22 16:18:41,2.8965772381000003
675,2022-05-22 16:18:42,2.8924179109000003
676,2022-05-22 16:18:48,2.8878378129
677,2022-05-22 16:18:48,2.8954289674
678,2022-05-22 16:19:02,2.9581015056
679,2022-05-22 16:19:12,2.9579343286200004
680,2022-05-22 16:19:47,2.9578005870300004
681,2022-05-22 16:20:00,2.93193861763
682,2022-05-22 16:20:09,2.91484904203
683,2022-05-22 16:20:25,2.89357738163
684,2022-05-22 16:20:28,2.88056005323
685,2022-05-22 16:20:30,3.02214619063
686,2022-05-22 16:20:32,3.00848211213
687,2022-05-22 16:20:50,3.02362377313
688,2022-05-22 16:20:54,2.98489268293
689,2022-05-22 16:21:19,2.95390781073
690,2022-05-22 16:21:44,2.92911991313
691,2022-05-22 16:21:50,2.93813324213
692,2022-05-22 16:21:50,2.9384439051299998
693,2022-05-22 16:21:54,2.92688958693
694,2022-05-22 16:22:04,2.91657013233
695,2022-05-22 16:22:29,2.89987456873
696,2022-05-22 16:22:48,2.9091230992300003
697,2022-05-22 16:23:32,2.89300664843
698,2022-05-22 16:23:53,2.90040547243
699,2022-05-22 16:24:01,2.91229847917
700,2022-05-22 16:24:42,2.90921753867
701,2022-05-22 16:25:17,2.90920437787
702,2022-05-22 16:25:42,2.8999138492700003
703,2022-05-22 16:25:45,2.91092825465
704,2022-05-22 16:25:53,2.90349583185
705,2022-05-22 16:26:00,2.8919498936499997
706,2022-05-22 16:26:10,2.91621531796
707,2022-05-22 16:26:15,2.93297856736
708,2022-05-22 16:26:48,2.92238916676
709,2022-05-22 16:27:57,2.91711764636
710,2022-05-22 16:28:36,2.91330042996
711,2022-05-22 16:28:36,2.90583567746
712,2022-05-22 16:28:55,2.89638190446
713,2022-05-22 16:28:58,2.9054101024600003
714,2022-05-22 16:30:35,2.90864708406
715,2022-05-22 16:30:42,2.89886964256
716,2022-05-22 16:31:09,2.88745922776
717,2022-05-22 16:31:10,2.88663727476
718,2022-05-22 16:31:13,2.9175089429599996
719,2022-05-22 16:31:18,2.9080822775599997
720,2022-05-22 16:31:31,2.8924247150599998
721,2022-05-22 16:32:00,2.8945886650599997
722,2022-05-22 16:32:11,2.88677133266
723,2022-05-22 16:32:56,2.88011746686
724,2022-05-22 16:34:16,2.87559437406
725,2022-05-22 16:34:30,2.87597589986
726,2022-05-22 16:34:47,2.8734811206599997
727,2022-05-22 16:35:07,2.8694852970599998
728,2022-05-22 16:35:15,2.86624863826
729,2022-05-22 16:36:24,2.8624993112599997
730,2022-05-22 16:36:27,2.8594998496599997
731,2022-05-22 16:36:32,2.8738602804599997
732,2022-05-22 16:37:23,2.8685886250599997
733,2022-05-22 16:37:39,2.90557130066
734,2022-05-22 16:37:58,2.89955744126
735,2022-05-22 16:38:16,2.96714635366
736,2022-05-22 16:38:41,2.96321748346
737,2022-05-22 16:38:42,2.94607438746
738,2022-05-22 16:38:48,2.92395991066
739,2022-05-22 16:39:04,2.92100107016
740,2022-05-22 16:39:10,2.90530948856
741,2022-05-22 16:39:36,2.89915622356
742,2022-05-22 16:40:54,2.89383361136
743,2022-05-22 16:41:13,2.88797552156
744,2022-05-22 16:41:22,2.88328904976
745,2022-05-22 16:41:35,2.87753987236
746,2022-05-22 16:41:37,2.87094053056
747,2022-05-22 16:41:51,2.87766105696
748,2022-05-22 16:42:00,2.88703747816
749,2022-05-22 16:42:22,2.87533861496
750,2022-05-22 16:42:45,2.89517952456
751,2022-05-22 16:42:53,2.88505225216
752,2022-05-22 16:43:44,2.87815043436
753,2022-05-22 16:43:52,2.86778336236
754,2022-05-22 16:45:49,2.8870619079599997
755,2022-05-22 16:46:43,2.8744847445599997
756,2022-05-22 16:46:57,2.8660230137599996
757,2022-05-22 16:47:28,2.85885362916
758,2022-05-22 16:48:15,2.84991812156
759,2022-05-22 16:48:43,2.84436971536
760,2022-05-22 16:48:57,2.83833099036
761,2022-05-22 16:49:11,2.8430800105599996
762,2022-05-22 16:49:45,2.8392992265599997
763,2022-05-22 16:50:19,2.8338745993599996
764,2022-05-22 16:50:21,3.0354548977599998
765,2022-05-22 16:50:31,2.98919913636
766,2022-05-22 16:50:50,2.97390547886
767,2022-05-22 16:50:58,2.98686086966
768,2022-05-22 16:51:06,2.94726518246
769,2022-05-22 16:51:34,2.93586463266
770,2022-05-22 16:51:44,2.98046819266
771,2022-05-22 16:52:01,2.9437510408599996
772,2022-05-22 16:52:52,2.91277731926
773,2022-05-22 16:52:56,2.9005423932600003
774,2022-05-22 16:53:14,2.8753634160600003
775,2022-05-22 16:53:27,2.8863802342600002
776,2022-05-22 16:53:44,2.87659229326
777,2022-05-22 16:53:56,2.8562457478599996
778,2022-05-22 16:54:01,2.8399685116599995
779,2022-05-22 16:54:19,2.9169467224599996
780,2022-05-22 16:54:24,2.9589292912599996
781,2022-05-22 16:54:47,2.92007534626
782,2022-05-22 16:55:13,2.8886321902599996
783,2022-05-22 16:56:01,2.8798018377599996
784,2022-05-22 16:56:07,2.92744731296
785,2022-05-22 16:56:28,2.8955636931599997
786,2022-05-22 16:56:38,2.8668567971599996
787,2022-05-22 16:56:39,2.8437312805599997
788,2022-05-22 16:56:42,2.8269908671599997
789,2022-05-22 16:57:42,2.81279853656
790,2022-05-22 16:58:15,2.79984467196
791,2022-05-22 16:59:35,2.76699038946
792,2022-05-22 17:00:25,2.75662729786
793,2022-05-22 17:00:34,2.75033682446
794,2022-05-22 17:00:37,2.87498444586
795,2022-05-22 17:01:01,2.84102254286
796,2022-05-22 17:01:55,2.81625302066
797,2022-05-22 17:02:18,2.80675959516
798,2022-05-22 17:02:52,2.78614397716
799,2022-05-22 17:03:04,2.77001148296
800,2022-05-22 17:03:07,2.7551414875600004
801,2022-05-22 17:04:14,2.75824949116
802,2022-05-22 17:05:35,2.74653589416
803,2022-05-22 17:06:24,2.73756501636
804,2022-05-22 17:07:54,2.84055631436
805,2022-05-22 17:08:44,2.8095813525600004
806,2022-05-22 17:09:30,2.82040138316
807,2022-05-22 17:09:43,2.80780664266
808,2022-05-22 17:09:58,2.78846266726
809,2022-05-22 17:11:16,2.77538748686
810,2022-05-22 17:11:19,2.77292734246
811,2022-05-22 17:11:28,2.76975922706
812,2022-05-22 17:11:49,2.84842473466
813,2022-05-22 17:11:57,2.84824894216
814,2022-05-22 17:13:15,2.8311813483600003
815,2022-05-22 17:14:04,2.80152727316
816,2022-05-22 17:14:18,2.77780401316
817,2022-05-22 17:14:38,2.77482540496
818,2022-05-22 17:14:39,2.75604251856
819,2022-05-22 17:14:50,2.87741620936
820,2022-05-22 17:15:33,2.8505151621600002
821,2022-05-22 17:16:03,2.84343402066
822,2022-05-22 17:16:03,2.84546452816
823,2022-05-22 17:16:19,2.94794369016
824,2022-05-22 17:16:26,2.8955270199600003
825,2022-05-22 17:16:30,2.85159368376
826,2022-05-22 17:17:08,2.82084701476
827,2022-05-22 17:19:35,2.82024967956
828,2022-05-22 17:19:41,2.81977181136
829,2022-05-22 17:20:01,2.82338951676
830,2022-05-22 17:20:31,2.79364368116
831,2022-05-22 17:20:42,2.84648701276
832,2022-05-22 17:20:49,2.83613257526
833,2022-05-22 17:20:49,2.83983209976
834,2022-05-22 17:21:59,2.98210676496
835,2022-05-22 17:22:42,2.92148649716
836,2022-05-22 17:22:46,2.87543028276
837,2022-05-22 17:22:57,2.83458531136
838,2022-05-22 17:23:07,2.8019093343600003
839,2022-05-22 17:23:09,2.77452855256
840,2022-05-22 17:23:49,2.78386940806
841,2022-05-22 17:24:33,2.76240478266
842,2022-05-22 17:24:36,2.74523308246
843,2022-05-22 17:24:52,2.73069572226
844,2022-05-22 17:25:15,2.85666583406
845,2022-05-22 17:26:21,2.81704192346
846,2022-05-22 17:26:47,2.80147422796
847,2022-05-22 17:26:49,2.82817509956
848,2022-05-22 17:27:23,2.80673579676
849,2022-05-22 17:27:27,2.7871843545600004
850,2022-05-22 17:27:39,2.77074320076
851,2022-05-22 17:27:53,2.7451902777600004
852,2022-05-22 17:28:10,2.7727479393600003
853,2022-05-22 17:28:31,2.7867940687600004
854,2022-05-22 17:28:57,2.75843097216
855,2022-05-22 17:29:35,2.76574049476
856,2022-05-22 17:29:44,2.75328633826
857,2022-05-22 17:30:04,2.7439339564600003
858,2022-05-22 17:30:14,2.72497063096
859,2022-05-22 17:30:26,2.70068872556
860,2022-05-22 17:31:26,2.6964632011600003
861,2022-05-22 17:32:01,2.6894827817599998
862,2022-05-22 17:32:04,2.81029844616
863,2022-05-22 17:32:21,2.80012778616
864,2022-05-22 17:32:36,2.89678031756
865,2022-05-22 17:32:38,2.83770234296
866,2022-05-22 17:33:57,2.79283996296
867,2022-05-22 17:34:29,2.75095005916
868,2022-05-22 17:35:11,2.7330381361600002
869,2022-05-22 17:35:15,2.72890160766
870,2022-05-22 17:35:17,2.70497206906
871,2022-05-22 17:35:36,2.6854284384600002
872,2022-05-22 17:35:38,2.67311921596
873,2022-05-22 17:35:59,2.66828431116
874,2022-05-22 17:36:32,2.65121638756
875,2022-05-22 17:36:46,2.6383620485600003
876,2022-05-22 17:37:42,2.62747857736
877,2022-05-22 17:38:12,2.61817180056
878,2022-05-22 17:38:14,2.6315263789600003
879,2022-05-22 17:38:15,2.6296790009600004
880,2022-05-22 17:38:31,2.6175626637600002
881,2022-05-22 17:38:39,2.65106959396
882,2022-05-22 17:38:50,2.6358751381600003
883,2022-05-22 17:38:58,2.62471957336
884,2022-05-22 17:39:38,2.6222416708600003
885,2022-05-22 17:41:04,2.61431721926
886,2022-05-22 17:42:35,2.60733489776
887,2022-05-22 17:42:39,2.59975533636
888,2022-05-22 17:43:53,2.59113168716
889,2022-05-22 17:44:03,2.58483276796
890,2022-05-22 17:44:11,2.58224690996
891,2022-05-22 17:45:28,2.57836777456
892,2022-05-22 17:45:54,2.57290446616
893,2022-05-22 17:47:38,2.56853381936
894,2022-05-22 17:47:47,2.56503730216
895,2022-05-22 17:47:49,2.5622400881600003
896,2022-05-22 17:47:55,2.55417140216
897,2022-05-22 17:48:01,2.5523336311600002
898,2022-05-22 17:48:06,2.55042341436
899,2022-05-22 17:48:07,2.57733524076
900,2022-05-22 17:48:09,2.5700647019600003
901,2022-05-22 17:48:14,2.56504827096
902,2022-05-22 17:48:15,2.5590351261600004
903,2022-05-22 17:48:18,2.55622461016
904,2022-05-22 17:48:34,2.54976966166
905,2022-05-22 17:48:36,2.54712124906
906,2022-05-22 17:48:45,2.54540251886
907,2022-05-22 17:48:52,2.5460275346600003
908,2022-05-22 17:48:55,2.54412754746
909,2022-05-22 17:49:10,2.5426075576600002
910,2022-05-22 17:49:29,2.54139156566
911,2022-05-22 17:49:51,2.54041877226
912,2022-05-22 17:50:24,2.53604053746
913,2022-05-22 17:50:25,2.53253794966
914,2022-05-22 17:50:45,2.52973587926
915,2022-05-22 17:51:04,2.52749422306
916,2022-05-22 17:51:21,2.52570089806
917,2022-05-22 17:51:30,2.51953693906
918,2022-05-22 17:51:38,2.51810227926
919,2022-05-22 17:51:42,2.51735455126
920,2022-05-22 17:51:59,2.51835636886
921,2022-05-22 17:52:05,2.51755782286
922,2022-05-22 17:52:08,2.51971898626
923,2022-05-22 17:52:22,2.51824791686
924,2022-05-22 17:52:23,2.5170710612600002
925,2022-05-22 17:52:27,2.51612957686
926,2022-05-22 17:52:39,2.51537638926
927,2022-05-22 17:52:44,2.51397383926
928,2022-05-22 17:52:56,2.51365179926
929,2022-05-22 17:53:14,2.51339416726
930,2022-05-22 17:53:19,2.5119880616600003
931,2022-05-22 17:53:21,2.51126317726
932,2022-05-22 17:53:23,2.51348326966
933,2022-05-22 17:53:31,2.51325934346
934,2022-05-22 17:53:47,2.5130802026600003
935,2022-05-22 17:53:51,2.51093689006
936,2022-05-22 17:54:07,2.51122223986
937,2022-05-22 17:54:10,2.50945051966
938,2022-05-22 17:54:24,2.5100331436600003
939,2022-05-22 17:54:35,2.5076992428600002
940,2022-05-22 17:54:42,2.50743212206
941,2022-05-22 17:54:51,2.50641842546
942,2022-05-22 17:55:18,2.50480746826
943,2022-05-22 17:55:21,2.48687630076
944,2022-05-22 17:55:27,2.61638749496
945,2022-05-22 17:55:33,2.58799649036
946,2022-05-22 17:55:50,2.57365155636
947,2022-05-22 17:56:03,2.5517387525600004
948,2022-05-22 17:56:08,2.53620850956
949,2022-05-22 17:56:29,2.5205843153600003
950,2022-05-22 17:56:59,2.4984054753600002
951,2022-05-22 17:56:59,2.5064849597600003
952,2022-05-22 17:57:16,2.4887418877600003
953,2022-05-22 17:57:54,2.48301101776
954,2022-05-22 17:57:59,2.47602632176
955,2022-05-22 17:58:00,2.46883856496
956,2022-05-22 17:58:13,2.43338186046
957,2022-05-22 17:58:13,2.45136261796
958,2022-05-22 17:58:17,2.40248956946
959,2022-05-22 17:58:17,2.4189972544600002
960,2022-05-22 17:58:20,2.41724704906
961,2022-05-22 17:58:29,2.41344688466
962,2022-05-22 17:58:50,2.3877330516599997
963,2022-05-22 17:58:50,2.36636813366
964,2022-05-22 17:58:50,2.36327619866
965,2022-05-22 17:59:14,2.35463606726
966,2022-05-22 17:59:52,2.35372396206
967,2022-05-22 17:59:52,2.35299427786
968,2022-05-22 17:59:54,2.3503418918600003
969,2022-05-22 17:59:54,2.3515207303600003
970,2022-05-22 18:00:06,2.33966998516
971,2022-05-22 18:00:06,2.34493698296
972,2022-05-22 18:00:16,2.3150606174600004
973,2022-05-22 18:00:16,2.32781507396
974,2022-05-22 18:00:19,2.32485705246
975,2022-05-22 18:00:19,2.33269420046
976,2022-05-22 18:00:24,2.3992136044600003
977,2022-05-22 18:00:24,2.45664272586
978,2022-05-22 18:00:47,2.43634602286
979,2022-05-22 18:00:47,2.4201086604600004
980,2022-05-22 18:01:06,2.38995885886
981,2022-05-22 18:01:06,2.40335877066
982,2022-05-22 18:01:08,2.3852389292600003
983,2022-05-22 18:01:08,2.3814629856600003
984,2022-05-22 18:01:15,2.38273270416
985,2022-05-22 18:01:15,2.39374847866
986,2022-05-22 18:01:15,2.40256109816
987,2022-05-22 18:01:15,2.3996111941600002
988,2022-05-22 18:02:06,2.4845904393600002
989,2022-05-22 18:02:06,2.55257383536
990,2022-05-22 18:02:12,2.55961391186
991,2022-05-22 18:02:12,2.56524597336
992,2022-05-22 18:02:28,2.49682206376
993,2022-05-22 18:02:28,2.52723269036
994,2022-05-22 18:02:35,2.5213925663600003
995,2022-05-22 18:02:35,2.5210504738600004
996,2022-05-22 18:02:35,2.53266623986
997,2022-05-22 18:02:35,2.5206228583600003
998,2022-05-22 18:02:35,2.51068517886
999,2022-05-22 18:02:35,2.50633833936
1000,2022-05-22 18:02:38,2.4553592115600003
1001,2022-05-22 18:02:38,2.43890441056
1002,2022-05-22 18:02:40,2.48438056976
1003,2022-05-22 18:02:40,2.52076149716
1004,2022-05-22 18:02:44,2.59115003256
1005,2022-05-22 18:02:44,2.5598662391600002
1006,2022-05-22 18:02:49,2.62617706756
1007,2022-05-22 18:02:49,2.65419869536
1008,2022-05-22 18:02:53,2.7125498393600003
1009,2022-05-22 18:02:53,2.68661599756
1010,2022-05-22 18:02:57,2.74329691296
1011,2022-05-22 18:02:57,2.7678945717600003
1012,2022-05-22 18:03:03,2.7975726987600003
1013,2022-05-22 18:03:03,2.82131520036
1014,2022-05-22 18:03:07,2.79030920156
1015,2022-05-22 18:03:07,2.76550440256
1016,2022-05-22 18:03:08,2.75826639356
1017,2022-05-22 18:03:08,2.74899851456
1018,2022-05-22 18:03:11,2.73915467536
1019,2022-05-22 18:03:11,2.73127960416
1020,2022-05-22 18:03:16,2.7379395013600005
1021,2022-05-22 18:03:16,2.73497954696
1022,2022-05-22 18:03:20,2.75030746496
1023,2022-05-22 18:03:20,2.76020183556
1024,2022-05-22 18:03:21,2.59804972956
1025,2022-05-22 18:03:21,2.6701173323600003
1026,2022-05-22 18:04:22,2.5903956473600003
1027,2022-05-22 18:04:22,2.58427238176
1028,2022-05-22 18:04:49,2.53729487896
1029,2022-05-22 18:04:49,2.55817376916
1030,2022-05-22 18:05:02,2.56499176696
1031,2022-05-22 18:05:02,2.58714927736
1032,2022-05-22 18:05:19,2.5572752855600003
1033,2022-05-22 18:05:19,2.53337609216
1034,2022-05-22 18:05:58,2.5650303461600004
1035,2022-05-22 18:05:58,2.55096178916
1036,2022-05-22 18:06:22,2.48486695076
1037,2022-05-22 18:06:22,2.51424243456
1038,2022-05-22 18:06:42,2.46056625416
1039,2022-05-22 18:06:42,2.47136656376
1040,2022-05-22 18:06:48,2.44192600656
1041,2022-05-22 18:06:48,2.42701380836
1042,2022-05-22 18:06:50,2.45234108836
1043,2022-05-22 18:06:50,2.4473372113600003
1044,2022-05-22 18:06:54,2.46500745276
1045,2022-05-22 18:06:54,2.4791436459600003
1046,2022-05-22 18:06:56,2.4584526005600003
1047,2022-05-22 18:06:56,2.4418997641600004
1048,2022-05-22 18:07:08,2.44330922366
1049,2022-05-22 18:07:08,2.44490674266
1050,2022-05-22 18:07:21,2.4320244736600003
1051,2022-05-22 18:07:21,2.42171865826
1052,2022-05-22 18:07:35,2.41944071226
1053,2022-05-22 18:07:35,2.41974312426
1054,2022-05-22 18:08:05,2.4617827502600003
1055,2022-05-22 18:08:05,2.44309847206
1056,2022-05-22 18:08:57,2.44917017286
1057,2022-05-22 18:08:57,2.43908011106
1058,2022-05-22 18:08:58,2.64055042186
1059,2022-05-22 18:08:58,2.55100806146
1060,2022-05-22 18:08:59,2.55556371946
1061,2022-05-22 18:08:59,2.55945017596
1062,2022-05-22 18:09:40,2.55113353516
1063,2022-05-22 18:09:40,2.59462642456
1064,2022-05-22 18:09:45,2.58791278706
1065,2022-05-22 18:09:45,2.58447540456
1066,2022-05-22 18:09:45,2.58992619356
1067,2022-05-22 18:09:45,2.60273558956
1068,2022-05-22 18:09:45,2.59422292156
1069,2022-05-22 18:09:45,2.59736467956
1070,2022-05-22 18:09:46,2.52307747876
1071,2022-05-22 18:09:46,2.49844202956
1072,2022-05-22 18:09:58,2.50513367016
1073,2022-05-22 18:09:58,2.51048698276
1074,2022-05-22 18:09:59,2.48456963276
1075,2022-05-22 18:09:59,2.46383575276
1076,2022-05-22 18:10:48,2.45008584676
1077,2022-05-22 18:10:48,2.44939734226
1078,2022-05-22 18:10:52,2.43637023826
1079,2022-05-22 18:10:52,2.42594855506
1080,2022-05-22 18:10:53,2.41545120846
1081,2022-05-22 18:10:53,2.40705333126
1082,2022-05-22 18:11:20,2.44968038806
1083,2022-05-22 18:11:20,2.43073502946
1084,2022-05-22 18:12:42,2.46683667486
1085,2022-05-22 18:12:42,2.48056170426
1086,2022-05-22 18:12:46,2.44200574686
1087,2022-05-22 18:12:46,2.45914172786
1088,2022-05-22 18:12:51,2.45859092386
1089,2022-05-22 18:12:51,2.45815028086
1090,2022-05-22 18:13:00,2.43865848686
1091,2022-05-22 18:13:00,2.43970551486
1092,2022-05-22 18:13:01,2.45515076666
1093,2022-05-22 18:13:01,2.44782086466
1094,2022-05-22 18:13:06,2.5110146884600004
1095,2022-05-22 18:13:06,2.5557058258600005
1096,2022-05-22 18:13:26,2.5624610636600003
1097,2022-05-22 18:13:26,2.5594587356600003
1098,2022-05-22 18:13:42,2.5684629258600005
1099,2022-05-22 18:13:42,2.57326441586
1100,2022-05-22 18:13:50,2.57831190136
1101,2022-05-22 18:13:50,2.58234988986
1102,2022-05-22 18:14:48,2.5910445928600003
1103,2022-05-22 18:14:48,2.58718028036
1104,2022-05-22 18:14:52,2.51993442576
1105,2022-05-22 18:14:52,2.54982147216
1106,2022-05-22 18:15:35,2.4786250787600004
1107,2022-05-22 18:15:35,2.49698478856
1108,2022-05-22 18:15:47,2.5107337115600004
1109,2022-05-22 18:15:47,2.50634055106
1110,2022-05-22 18:15:59,2.48193307346
1111,2022-05-22 18:15:59,2.47709485926
1112,2022-05-22 18:16:20,2.48781417026
1113,2022-05-22 18:16:20,2.48500254776
1114,2022-05-22 18:17:16,2.49166346776
1115,2022-05-22 18:17:16,2.49474290626
1116,2022-05-22 18:17:38,2.49720645726
1117,2022-05-22 18:17:38,2.49917729776
1118,2022-05-22 18:18:39,2.51101530776
1119,2022-05-22 18:18:39,2.50575396976
1120,2022-05-22 18:18:44,2.52188339836
1121,2022-05-22 18:18:44,2.53478694116
1122,2022-05-22 18:19:09,2.54425734966
1123,2022-05-22 18:19:09,2.5476246061600003
1124,2022-05-22 18:19:55,2.51220570796
1125,2022-05-22 18:19:55,2.52794744056
1126,2022-05-22 18:20:26,2.52717232196
1127,2022-05-22 18:20:26,2.53914561316
1128,2022-05-22 18:20:54,2.56541446216
1129,2022-05-22 18:20:54,2.55373941816
1130,2022-05-22 18:20:55,2.57275449716
1131,2022-05-22 18:20:55,2.57862652566
1132,2022-05-22 18:21:07,2.56426006486
1133,2022-05-22 18:21:07,2.57064515846
1134,2022-05-22 18:21:41,2.5804427809600003
1135,2022-05-22 18:21:41,2.58828087896
1136,2022-05-22 18:21:50,2.57438771036
1137,2022-05-22 18:21:50,2.56838125056
1138,2022-05-22 18:22:26,2.56865172906
1139,2022-05-22 18:22:26,2.57986811156
1140,2022-05-22 18:22:26,2.57784121756
1141,2022-05-22 18:22:26,2.58721970256
1142,2022-05-22 18:23:25,2.59369040016
1143,2022-05-22 18:23:25,2.5908145345599998
1144,2022-05-22 18:23:50,2.60731732256
1145,2022-05-22 18:23:50,2.6205195530600003
1146,2022-05-22 18:23:54,2.61845611126
1147,2022-05-22 18:23:54,2.61450466526
1148,2022-05-22 18:24:00,2.6277835084600003
1149,2022-05-22 18:24:00,2.63840658306
1150,2022-05-22 18:24:22,2.62663779506
1151,2022-05-22 18:24:22,2.63186836756
1152,2022-05-22 18:24:29,2.6516857705600003
1153,2022-05-22 18:24:29,2.64055333656
1154,2022-05-22 18:24:31,2.63585179616
1155,2022-05-22 18:24:31,2.6320905639600003
1156,2022-05-22 18:25:08,2.6430815779600003
1157,2022-05-22 18:25:08,2.65187438936
1158,2022-05-22 18:25:11,2.6610375273600004
1159,2022-05-22 18:25:11,2.6619127698600002
1160,2022-05-22 18:25:18,2.67033733336
1161,2022-05-22 18:25:18,2.6777771783600004
1162,2022-05-22 18:26:06,2.68372905386
1163,2022-05-22 18:26:06,2.6884905548600004
1164,2022-05-22 18:26:17,2.70254711586
1165,2022-05-22 18:26:17,2.69629975536
1166,2022-05-22 18:26:27,2.6953340045600003
1167,2022-05-22 18:26:58,2.69776140376
1168,2022-05-22 18:27:27,2.70940496326
1169,2022-05-22 18:27:27,2.70700665226
1170,2022-05-22 18:27:29,2.70574857166
1171,2022-05-22 18:27:45,2.71674210706
1172,2022-05-22 18:27:52,2.72405906656
1173,2022-05-22 18:27:52,2.7279939850600003
1174,2022-05-22 18:28:05,2.7311419200600002
1175,2022-05-22 18:28:05,2.7336602685600004
1176,2022-05-22 18:28:32,2.73567494656
1177,2022-05-22 18:28:32,2.7372866895600003
1178,2022-05-22 18:28:52,2.74248151816
1179,2022-05-22 18:29:34,2.75023738076
1180,2022-05-22 18:29:38,2.78140207096
1181,2022-05-22 18:29:59,2.81057382316
1182,2022-05-22 18:30:07,2.8332601146600003
1183,2022-05-22 18:30:07,2.83231994516
1184,2022-05-22 18:30:07,2.82989473266
1185,2022-05-22 18:30:07,2.84041395916
1186,2022-05-22 18:30:07,2.84473532616
1187,2022-05-22 18:30:07,2.8431924196600002
1188,2022-05-22 18:30:07,2.84001225066
1189,2022-05-22 18:30:07,2.82186321716
1190,2022-05-22 18:30:21,2.81899054016
1191,2022-05-22 18:30:21,2.81560061896
1192,2022-05-22 18:30:23,2.84706247736
1193,2022-05-22 18:30:27,2.8711573548600002
1194,2022-05-22 18:30:27,2.87336989486
1195,2022-05-22 18:30:32,2.88246744446
1196,2022-05-22 18:30:35,2.89734548426
1197,2022-05-22 18:30:47,2.9189279160600003
1198,2022-05-22 18:31:38,2.9437139735600004
1199,2022-05-22 18:31:38,2.9326979480600004
1200,2022-05-22 18:31:38,2.9495267940599996
1201,2022-05-22 18:31:38,2.95417705006
1202,2022-05-22 18:31:51,2.93376299546
1203,2022-05-22 18:31:56,2.92983175186
1204,2022-05-22 18:32:29,2.94628675686
1205,2022-05-22 18:32:49,2.97545076106
1206,2022-05-22 18:33:02,3.01136080656
1207,2022-05-22 18:33:02,3.00068806156
1208,2022-05-22 18:33:02,2.9973471305599997
1209,2022-05-22 18:33:02,2.98317096606
1210,2022-05-22 18:33:10,3.00152955956
1211,2022-05-22 18:33:10,3.00589900256
1212,2022-05-22 18:33:37,3.0069340050599997
1213,2022-05-22 18:33:37,3.01535756106
1214,2022-05-22 18:33:37,3.01799640606
1215,2022-05-22 18:33:37,3.02420748206
1216,2022-05-22 18:34:47,2.9979386852600003
1217,2022-05-22 18:35:15,2.9909236478600003
1218,2022-05-22 18:35:26,3.0129116178600004
1219,2022-05-22 18:35:27,3.01738047886
1220,2022-05-22 18:35:27,3.0209555678599997
1221,2022-05-22 18:35:52,3.01854594406
1222,2022-05-22 18:36:04,3.01701824486
1223,2022-05-22 18:36:20,2.99539608546
1224,2022-05-22 18:36:35,2.99849835806
1225,2022-05-22 18:36:36,3.0045801760599997
1226,2022-05-22 18:36:39,2.98384563046
1227,2022-05-22 18:36:45,2.9844937579599997
1228,2022-05-22 18:36:45,2.98420570096
1229,2022-05-22 18:37:38,2.98490855946
1230,2022-05-22 18:37:38,2.98472420346
1231,2022-05-22 18:37:51,2.99022939447
1232,2022-05-22 18:37:51,2.98778264292
1233,2022-05-22 18:38:09,2.9954324724199997
1234,2022-05-22 18:38:09,2.99211448442
1235,2022-05-22 18:38:31,3.0031370329200002
1236,2022-05-22 18:38:31,3.00174518492
1237,2022-05-22 18:38:31,3.00013037492
1238,2022-05-22 18:38:31,2.99798686242
1239,2022-05-22 18:38:56,2.98339922602
1240,2022-05-22 18:39:45,3.02772911682
1241,2022-05-22 18:40:22,3.00679302962
1242,2022-05-22 18:40:31,3.01466008712
1243,2022-05-22 18:40:31,3.01394746112
1244,2022-05-22 18:40:31,3.0152301881200003
1245,2022-05-22 18:40:31,3.01305667812
1246,2022-05-22 18:40:56,2.99622780812
1247,2022-05-22 18:43:55,2.98280471232
1248,2022-05-22 18:44:02,2.97170623552
1249,2022-05-22 18:44:17,2.96322745412
1250,2022-05-22 18:45:09,2.9563644291199997
1251,2022-05-22 18:45:19,2.95055400912
1252,2022-05-22 18:45:42,2.94470567292
1253,2022-05-22 18:45:49,2.94734012792
1254,2022-05-22 18:45:49,2.9471352634200003
1255,2022-05-22 18:46:06,2.94670401992
1256,2022-05-22 18:46:06,2.9461951329200002
1257,2022-05-22 18:46:32,2.9415164641200002
1258,2022-05-22 18:46:48,2.9385335291200003
1259,2022-05-22 18:48:00,3.01694718092
1260,2022-05-22 18:48:05,2.99793290252
1261,2022-05-22 18:48:37,2.98282667972
1262,2022-05-22 18:48:58,2.96882170152
1263,2022-05-22 18:49:22,2.95681771892
1264,2022-05-22 18:49:37,2.95068492242
1265,2022-05-22 18:49:37,2.9534106099199997
1266,2022-05-22 18:50:08,2.94620742392
1267,2022-05-22 18:50:12,2.94004487512
1268,2022-05-22 18:50:32,2.93391483592
1269,2022-05-22 18:50:55,3.0110108047199997
1270,2022-05-22 18:51:53,3.09468757972
1271,2022-05-22 18:52:02,3.0556289997199997
1272,2022-05-22 18:52:07,3.02058464452
1273,2022-05-22 18:52:07,3.04438213572
1274,2022-05-22 18:52:15,3.00154665152
1275,2022-05-22 18:52:31,2.9771162571199996
1276,2022-05-22 18:52:38,2.96217194172
1277,2022-05-22 18:52:45,2.9556164893199997
1278,2022-05-22 18:52:49,2.9499721273199997
1279,2022-05-22 18:53:16,2.9398566379199997
1280,2022-05-22 18:53:44,2.9237642463199998
1281,2022-05-22 18:54:01,2.91249033292
1282,2022-05-22 18:54:07,2.90947120232
1283,2022-05-22 18:54:30,2.91345589772
1284,2022-05-22 18:54:35,2.8785496602200005
1285,2022-05-22 18:54:35,2.85280522022
1286,2022-05-22 18:55:26,2.85359297662
1287,2022-05-22 18:55:35,2.84862318182
1288,2022-05-22 18:55:46,2.8187511883200003
1289,2022-05-22 18:55:46,2.83202762982
1290,2022-05-22 18:55:59,2.82165179382
1291,2022-05-22 18:56:41,2.80905727632
1292,2022-05-22 18:56:41,2.80875419882
1293,2022-05-22 18:57:42,2.80485353022
1294,2022-05-22 18:58:38,2.7989329952199995
1295,2022-05-22 18:59:39,2.78747853472
1296,2022-05-22 18:59:39,2.77807250422
1297,2022-05-22 18:59:41,2.80093607622
1298,2022-05-22 18:59:44,2.79798693382
1299,2022-05-22 19:00:25,2.79926761982
1300,2022-05-22 19:00:47,2.81909216882
1301,2022-05-22 19:02:11,2.8125518078200002
1302,2022-05-22 19:02:26,2.81771951902
1303,2022-05-22 19:03:14,2.82609469452
1304,2022-05-22 19:03:14,2.83279483502
1305,2022-05-22 19:03:42,2.82644900422
1306,2022-05-22 19:03:54,2.8678523394199997
1307,2022-05-22 19:04:06,2.85457460762
1308,2022-05-22 19:04:13,2.8491528220199998
1309,2022-05-22 19:04:17,2.84521539362
1310,2022-05-22 19:04:41,2.83646505102
1311,2022-05-22 19:04:47,2.82938517682
1312,2022-05-22 19:05:00,2.82220127742
1313,2022-05-22 19:05:01,2.83925415802
1314,2022-05-22 19:05:18,2.83129646242
1315,2022-05-22 19:05:41,2.89173030602
1316,2022-05-22 19:06:08,2.87327738082
1317,2022-05-22 19:06:43,2.87331504082
1318,2022-05-22 19:06:48,2.94414516862
1319,2022-05-22 19:07:24,2.96200927102
1320,2022-05-22 19:08:09,2.9279005528199997
1321,2022-05-22 19:08:09,2.9006135782199998
1322,2022-05-22 19:09:29,2.92718399862
1323,2022-05-22 19:09:47,2.89964033502
1324,2022-05-22 19:10:04,2.90010044752
1325,2022-05-22 19:10:04,2.90046853752
1326,2022-05-22 19:11:30,2.89976300952
1327,2022-05-22 19:11:30,2.89919858702
1328,2022-05-22 19:12:41,2.87876365602
1329,2022-05-22 19:13:06,2.8628157112199997
1330,2022-05-22 19:13:51,2.8508573554199996
1331,2022-05-22 19:14:48,2.85140581742
1332,2022-05-22 19:14:48,2.8518445869199995
1333,2022-05-22 19:16:02,2.8410775023199997
1334,2022-05-22 19:16:23,2.83566423452
1335,2022-05-22 19:16:34,2.82813322032
1336,2022-05-22 19:17:36,2.8293088091199996
1337,2022-05-22 19:17:44,2.83024927992
1338,2022-05-22 19:17:50,2.83100165672
1339,2022-05-22 19:18:08,2.8243235581199997
1340,2022-05-22 19:18:23,2.81826107932
1341,2022-05-22 19:18:50,2.81341109612
1342,2022-05-22 19:21:08,2.80913110972
1343,2022-05-22 19:22:01,2.8061071205199997
1344,2022-05-22 19:22:28,2.80568792912
1345,2022-05-22 19:22:59,2.79935257612
1346,2022-05-22 19:23:00,2.79828429352
1347,2022-05-22 19:23:55,2.79662966752
1348,2022-05-22 19:23:57,2.79610596692
1349,2022-05-22 19:24:19,2.7952870061199997
1350,2022-05-22 19:24:24,2.79423183772
1351,2022-05-22 19:27:19,2.7941873029199997
1352,2022-05-22 19:27:30,2.79015207512
1353,2022-05-22 19:27:38,2.78692389272
1354,2022-05-22 19:27:46,2.78834094692
1355,2022-05-22 19:27:52,2.78547499032
1356,2022-05-22 19:27:53,2.79118222492
1357,2022-05-22 19:28:05,2.78774801272
1358,2022-05-22 19:28:20,2.78460064292
1359,2022-05-22 19:28:28,2.77808274712
1360,2022-05-22 19:28:42,2.7792684305199997
1361,2022-05-22 19:29:04,2.83017697712
1362,2022-05-22 19:29:31,2.7948088051199997
1363,2022-05-22 19:29:31,2.81052799262
1364,2022-05-22 19:31:28,2.7992944298199998
1365,2022-05-22 19:31:34,2.7895079798199998
1366,2022-05-22 19:31:52,2.78247481962
1367,2022-05-22 19:36:10,2.76877229162
1368,2022-05-22 19:36:29,2.75781026902
1369,2022-05-22 19:37:24,2.75592065122
1370,2022-05-22 19:37:24,2.73376583422
1371,2022-05-22 19:37:24,2.73662611422
1372,2022-05-22 19:37:42,2.69688703072
1373,2022-05-22 19:37:42,2.71327761022
1374,2022-05-22 19:38:38,2.71216591582
1375,2022-05-22 19:38:53,2.7000765602200003
1376,2022-05-22 19:39:21,2.69040507582
1377,2022-05-22 19:39:29,2.63277206232
1378,2022-05-22 19:39:29,2.65110203332
1379,2022-05-22 19:39:41,2.6181080858200003
1380,2022-05-22 19:39:41,2.6063769048200003
1381,2022-05-22 19:39:45,2.63423971722
1382,2022-05-22 19:39:47,2.68492996722
1383,2022-05-22 19:41:13,2.6714821672199998
1384,2022-05-22 19:42:13,2.65512392722
1385,2022-05-22 19:42:39,2.6567389822200003
1386,2022-05-22 19:42:39,2.6580310262199998
1387,2022-05-22 19:42:46,2.66414443422
1388,2022-05-22 19:43:45,2.65543476062
1389,2022-05-22 19:43:47,2.66166742182
1390,2022-05-22 19:43:53,2.67670105682
1391,2022-05-22 19:43:53,2.68872796532
1392,2022-05-22 19:43:56,2.7337140941199998
1393,2022-05-22 19:44:02,2.71850299732
1394,2022-05-22 19:44:08,2.70433371972
1395,2022-05-22 19:45:26,2.69499869772
1396,2022-05-22 19:45:28,2.71713068012
1397,2022-05-22 19:45:42,2.8532362661199997
1398,2022-05-22 19:48:44,2.8117207347199997
1399,2022-05-22 19:48:46,2.77890830972
1400,2022-05-22 19:49:25,2.7526583697199998
1401,2022-05-22 19:49:55,2.76227989622
1402,2022-05-22 19:49:55,2.76997711722
1403,2022-05-22 19:53:20,2.74857716522
1404,2022-05-22 19:53:49,2.74465720362
1405,2022-05-22 19:55:10,2.75592123442
1406,2022-05-22 19:57:21,2.73773245902
1407,2022-05-22 19:57:38,2.7271814386199997
1408,2022-05-22 20:00:10,2.71274062222
1409,2022-05-22 20:01:26,2.71578796922
1410,2022-05-22 20:01:37,2.70682584682
1411,2022-05-22 20:01:43,2.69965614902
1412,2022-05-22 20:02:53,2.6918803906199997
1413,2022-05-22 20:03:03,2.68569978402
1414,2022-05-22 20:03:43,2.85555529862
1415,2022-05-22 20:05:03,2.83143971022
1416,2022-05-22 20:05:48,2.79214723962
1417,2022-05-22 20:07:16,2.76071326322
1418,2022-05-22 20:07:17,2.75187104022
1419,2022-05-22 20:07:17,2.74479726172
1420,2022-05-22 20:08:08,2.7391382392200003
1421,2022-05-22 20:08:08,2.73461102072
1422,2022-05-22 20:09:50,2.7409892462200003
1423,2022-05-22 20:09:50,2.7460918267200003
1424,2022-05-22 20:10:07,2.7586595427200002
1425,2022-05-22 20:10:07,2.75307389122
1426,2022-05-22 20:14:20,2.75420671002
1427,2022-05-22 20:15:05,2.74843296502
1428,2022-05-22 20:17:17,2.73817396902
1429,2022-05-22 20:18:26,2.7208067722200004
1430,2022-05-22 20:24:19,2.75771301482
1431,2022-05-22 20:25:14,2.73643800902
1432,2022-05-22 20:27:49,2.73221800422
1433,2022-05-22 20:30:36,2.71524200042
1434,2022-05-22 20:30:59,2.75766119742
1435,2022-05-22 20:31:11,2.73759655502
1436,2022-05-22 20:34:53,2.7195448410200003
1437,2022-05-22 20:34:58,2.76110346982
1438,2022-05-22 20:35:17,2.73831037282
1439,2022-05-22 20:35:21,2.7197158954200003
1440,2022-05-22 20:35:33,2.70524031342
1441,2022-05-22 20:35:45,2.71364930292
1442,2022-05-22 20:35:45,2.71239448592
1443,2022-05-22 20:35:49,2.7186531564200003
1444,2022-05-22 20:35:49,2.72265623892
1445,2022-05-22 20:35:49,2.72185870542
1446,2022-05-22 20:35:49,2.72122067842
1447,2022-05-22 20:36:37,2.70884021282
1448,2022-05-22 20:38:01,2.78333584022
1449,2022-05-22 20:38:05,2.93533234222
1450,2022-05-22 20:38:09,2.8809295438199998
1451,2022-05-22 20:38:13,2.92100730502
1452,2022-05-22 20:38:15,2.92546951422
1453,2022-05-22 20:38:47,2.87223928142
1454,2022-05-22 20:40:23,2.83045509502
1455,2022-05-22 20:40:51,2.8259363360200003
1456,2022-05-22 20:40:51,2.8279446735200002
1457,2022-05-22 20:41:07,2.7937173247200002
1458,2022-05-22 20:41:16,2.7823354455200002
1459,2022-05-22 20:41:48,2.75702994212
1460,2022-05-22 20:41:57,2.73778553952
1461,2022-05-22 20:42:38,2.72159001732
1462,2022-05-22 20:46:27,2.70943359952
1463,2022-05-22 20:47:41,2.7021084653200003
1464,2022-05-22 20:47:43,2.6928083581199997
1465,2022-05-22 20:48:16,2.68520827212
1466,2022-05-22 20:49:31,2.6803282035200002
1467,2022-05-22 20:49:37,2.67522414852
1468,2022-05-22 20:49:58,2.66852380552
1469,2022-05-22 20:49:58,2.67060914152
1470,2022-05-22 20:55:21,2.6664858975200003
1471,2022-05-22 20:58:24,2.66042730232
1472,2022-05-22 20:58:32,2.65698042632
1473,2022-05-22 20:58:36,2.68242292532
1474,2022-05-22 20:59:18,2.67733470582
1475,2022-05-22 20:59:18,2.67866932032
1476,2022-05-22 21:00:06,2.67142331972
1477,2022-05-22 21:00:35,2.66762651912
1478,2022-05-22 21:02:39,2.66058907852
1479,2022-05-22 21:04:55,2.67495912612
1480,2022-05-22 21:05:19,2.80245516432
1481,2022-05-22 21:06:11,2.76805199472
1482,2022-05-22 21:06:27,2.76569553472
1483,2022-05-22 21:06:27,2.76614968822
1484,2022-05-22 21:06:51,2.73862715262
1485,2022-05-22 21:06:57,2.7358091242199998
1486,2022-05-22 21:07:20,2.71475470142
1487,2022-05-22 21:08:11,2.7064465664200004
1488,2022-05-22 21:08:11,2.70993722492
1489,2022-05-22 21:08:38,2.70709368672
1490,2022-05-22 21:09:28,2.69041885612
1491,2022-05-22 21:10:02,2.7174289915200003
1492,2022-05-22 21:10:10,2.69508710012
1493,2022-05-22 21:11:30,2.6802698936200002
1494,2022-05-22 21:11:30,2.68530391512
1495,2022-05-22 21:12:00,2.66743040172
1496,2022-05-22 21:12:19,2.65593159112
1497,2022-05-22 21:15:47,2.63687035262
1498,2022-05-22 21:15:47,2.62564857912
1499,2022-05-22 21:16:38,2.61667116012
1500,2022-05-22 21:16:38,2.60948922512
1501,2022-05-22 21:17:24,2.61349017672
1502,2022-05-22 21:17:37,2.6146909379200003
1503,2022-05-22 21:17:44,2.60365154692
1504,2022-05-22 21:17:44,2.60490599892
1505,2022-05-22 21:17:44,2.6059095604199998
1506,2022-05-22 21:18:21,2.6047124094200003
1507,2022-05-22 21:18:21,2.60375468892
1508,2022-05-22 21:19:48,2.5929231761200002
1509,2022-05-22 21:20:00,2.5961569996200002
1510,2022-05-22 21:20:00,2.59874405862
1511,2022-05-22 21:21:09,2.59607884822
1512,2022-05-22 21:21:16,2.58914849522
1513,2022-05-22 21:21:16,2.58360421272
1514,2022-05-22 21:22:05,2.58816878672
1515,2022-05-22 21:22:05,2.59182044622
1516,2022-05-22 21:22:36,2.59887883522
1517,2022-05-22 21:22:36,2.59574177372
1518,2022-05-22 21:23:08,2.60159620472
1519,2022-05-22 21:23:08,2.60038848522
1520,2022-05-22 21:23:43,2.60856238022
1521,2022-05-22 21:23:43,2.61413532072
1522,2022-05-22 21:24:45,2.62049367322
1523,2022-05-22 21:24:45,2.62558035522
1524,2022-05-22 21:25:02,2.63074970072
1525,2022-05-22 21:25:02,2.63488517722
1526,2022-05-22 21:26:05,2.63315300902
1527,2022-05-22 21:26:08,2.63910809552
1528,2022-05-22 21:26:08,2.63646139052
1529,2022-05-22 21:26:41,2.64322545902
1530,2022-05-22 21:26:41,2.64651935052
1531,2022-05-22 21:26:50,2.64515446352
1532,2022-05-22 21:26:50,2.64406255352
1533,2022-05-22 21:27:02,2.64427681892
1534,2022-05-22 21:27:21,2.64444823132
1535,2022-05-22 21:27:23,2.65007588132
1536,2022-05-22 21:27:23,2.64757470382
1537,2022-05-22 21:27:43,2.64771183362
1538,2022-05-22 21:28:03,2.6626215376199998
1539,2022-05-22 21:29:49,2.66872441162
1540,2022-05-22 21:29:49,2.66712365762
1541,2022-05-22 21:30:02,2.67585142082
1542,2022-05-22 21:30:05,2.68643363122
1543,2022-05-22 21:31:25,2.81569939962
1544,2022-05-22 21:34:01,2.8185807566200003
1545,2022-05-22 21:34:01,2.81960523912
1546,2022-05-22 21:34:14,2.85261785392
1547,2022-05-22 21:35:58,2.81262794572
1548,2022-05-22 21:36:22,2.78063601912
1549,2022-05-22 21:36:47,2.81064247772
1550,2022-05-22 21:36:57,2.7798476447200002
1551,2022-05-22 21:37:01,2.77866723022
1552,2022-05-22 21:37:01,2.77772289922
1553,2022-05-22 21:37:11,2.79668703282
1554,2022-05-22 21:37:18,2.76785833982
1555,2022-05-22 21:41:20,2.74319538522
1556,2022-05-22 21:42:00,2.74946502162
1557,2022-05-22 21:42:18,2.72648073082
1558,2022-05-22 21:42:35,2.76809329802
1559,2022-05-22 21:43:09,2.75138335182
1560,2022-05-22 21:45:31,2.7426278868200002
1561,2022-05-22 21:45:31,2.73562351482
1562,2022-05-22 21:47:00,2.73502001732
1563,2022-05-22 21:47:00,2.73453721932
1564,2022-05-22 21:51:31,2.89116926252
1565,2022-05-22 21:51:43,2.85647489692
1566,2022-05-22 21:51:54,2.81071940452
1567,2022-05-22 21:52:13,2.89851501052
1568,2022-05-22 21:52:46,2.86235149532
1569,2022-05-22 21:53:31,2.83342068332
1570,2022-05-22 21:54:40,2.8710344448200003
1571,2022-05-22 21:54:40,2.9011254538199998
1572,2022-05-22 21:56:18,2.86198080402
1573,2022-05-22 21:56:42,2.87443308422
1574,2022-05-22 21:57:08,2.84022690842
1575,2022-05-22 21:57:37,2.8151579619200002
1576,2022-05-22 21:57:37,2.8262997159200003
1577,2022-05-22 22:00:21,2.79813477532
1578,2022-05-22 22:00:47,2.77480282272
1579,2022-05-22 22:01:39,2.75373726072
1580,2022-05-22 22:02:33,2.79728481112
1581,2022-05-22 22:04:16,2.77122965362
1582,2022-05-22 22:04:16,2.75929893112
1583,2022-05-22 22:05:19,2.73213697152
1584,2022-05-22 22:05:44,2.7132074037200002
1585,2022-05-22 22:07:43,2.69966282572
1586,2022-05-22 22:07:43,2.68882716322
1587,2022-05-22 22:08:20,2.69248350902
1588,2022-05-22 22:08:48,2.68780858562
1589,2022-05-22 22:09:03,2.6720686470199997
1590,2022-05-22 22:09:06,2.67040011702
1591,2022-05-22 22:09:06,2.66906529302
1592,2022-05-22 22:10:08,2.67247334202
1593,2022-05-22 22:10:22,2.6871997812200004
1594,2022-05-22 22:11:08,2.68098093262
1595,2022-05-22 22:11:11,2.67545878612
1596,2022-05-22 22:11:11,2.67791307362
1597,2022-05-22 22:12:56,2.74171722641
1598,2022-05-22 22:12:56,2.79080314742
1599,2022-05-22 22:13:37,2.83007188421
1600,2022-05-22 22:13:37,2.8614868736
1601,2022-05-22 22:13:58,2.8541117948
1602,2022-05-22 22:15:13,2.8571233333
1603,2022-05-22 22:15:13,2.8546940773
1604,2022-05-22 22:15:54,2.8431940141
1605,2022-05-22 22:17:35,2.8335939637000003
1606,2022-05-22 22:18:46,2.8331139233
1607,2022-05-22 22:18:54,2.8390413082999997
1608,2022-05-22 22:18:54,2.8374865842999997
1609,2022-05-22 22:19:41,2.8315025519
1610,2022-05-22 22:20:21,2.8259153260999996
1611,2022-05-22 22:20:28,2.8778455454999996
1612,2022-05-22 22:22:22,2.8805897208999998
1613,2022-05-22 22:27:47,2.8647450613
1614,2022-05-22 22:28:13,2.8501093335
1615,2022-05-22 22:29:37,2.8392007513
1616,2022-05-22 22:30:36,2.8308738857
1617,2022-05-22 22:32:46,2.8230123931
1618,2022-05-22 22:33:04,2.8163231988999997
1619,2022-05-22 22:33:43,2.8113718437
1620,2022-05-22 22:34:09,2.8074107594999997
1621,2022-05-22 22:34:34,2.8042418921
1622,2022-05-22 22:34:56,2.8013067982999997
1623,2022-05-22 22:35:01,2.7993587230999997
1624,2022-05-22 22:35:31,2.7973602631
1625,2022-05-22 22:36:00,2.7942014949
1626,2022-05-22 22:36:02,2.7889950214000003
1627,2022-05-22 22:36:02,2.7919999979
1628,2022-05-22 22:41:53,2.7890729835
1629,2022-05-22 22:42:22,2.7867313719
1630,2022-05-22 22:42:44,2.7844580827
1631,2022-05-22 22:43:04,2.7814394513
1632,2022-05-22 22:43:05,2.7810245461000003
1633,2022-05-22 22:44:25,2.7766926221
1634,2022-05-22 22:45:28,2.7792270829
1635,2022-05-22 22:45:46,2.7812546513000003
1636,2022-05-22 22:47:23,2.7828767063
1637,2022-05-22 22:47:37,2.7485445633000003
1638,2022-05-22 22:47:37,2.7624677483
1639,2022-05-22 22:47:42,2.7637653921
1640,2022-05-22 22:51:47,2.7588035073
1641,2022-05-22 22:52:02,2.7568339993
1642,2022-05-22 22:52:26,2.7552583931
1643,2022-05-22 22:52:30,2.7351966601
1644,2022-05-22 22:52:30,2.7302858216
1645,2022-05-22 22:53:59,2.7730253364
1646,2022-05-22 22:54:33,2.8668169484
1647,2022-05-22 22:55:34,2.838210238
1648,2022-05-22 22:56:35,2.8153648695999998
1649,2022-05-22 22:57:01,2.8170885749999997
1650,2022-05-22 22:58:12,2.7964675392
1651,2022-05-22 23:00:00,2.7803959317
1652,2022-05-22 23:00:00,2.7875388682000004
1653,2022-05-22 23:02:29,2.7706420396
1654,2022-05-22 23:03:02,2.7595205768000004
1655,2022-05-22 23:05:08,2.7478274064000003
1656,2022-05-22 23:05:42,2.7372728702
1657,2022-05-22 23:07:21,2.7287492412
1658,2022-05-22 23:08:01,2.7220103380000005
1659,2022-05-22 23:08:02,2.7158192154000003
1660,2022-05-22 23:09:35,2.7396663174
1661,2022-05-22 23:10:14,2.757943999
1662,2022-05-22 23:10:42,2.7441661442000003
1663,2022-05-22 23:11:02,2.7383438604
1664,2022-05-22 23:15:12,2.7532860334
1665,2022-05-22 23:17:53,2.7604397718
1666,2022-05-22 23:21:29,2.7433627624000003
1667,2022-05-22 23:21:43,2.732461155
1668,2022-05-22 23:22:44,2.704603869
1669,2022-05-22 23:22:44,2.6880323895
1670,2022-05-22 23:24:27,2.7037511035
1671,2022-05-22 23:26:30,2.6917260747
1672,2022-05-22 23:29:04,2.6915060517000002
1673,2022-05-22 23:29:17,2.6989300333
1674,2022-05-22 23:29:27,2.7168692187000003
1675,2022-05-22 23:30:15,2.7396205669
1676,2022-05-22 23:30:36,2.7202216455
1677,2022-05-22 23:31:44,2.7043025083
1678,2022-05-22 23:31:46,2.6895671985
1679,2022-05-22 23:32:02,2.6801789507000002
1680,2022-05-22 23:32:18,2.6722683525
1681,2022-05-22 23:32:41,2.6665398739
1682,2022-05-22 23:32:46,2.6426769439
1683,2022-05-22 23:32:46,2.6532826904
1684,2022-05-22 23:32:52,2.6468999076
1685,2022-05-22 23:33:33,2.6717536814000002
1686,2022-05-22 23:34:07,2.6648767004000002
1687,2022-05-22 23:34:12,2.6513751154
1688,2022-05-22 23:34:22,2.6445738476000002
1689,2022-05-22 23:34:34,2.7111328334
1690,2022-05-22 23:35:15,2.6672548114
1691,2022-05-22 23:35:15,2.6820424894
1692,2022-05-22 23:35:24,2.663289678
1693,2022-05-22 23:35:53,2.6092077435
1694,2022-05-22 23:35:53,2.6266718575
1695,2022-05-22 23:35:54,2.6036696082999997
1696,2022-05-22 23:36:22,2.5922342033000003
1697,2022-05-22 23:36:22,2.5970571703000003
1698,2022-05-22 23:37:12,2.5866553709
1699,2022-05-22 23:37:35,2.5743339315
1700,2022-05-22 23:37:50,2.563279004
1701,2022-05-22 23:37:50,2.5681923055
1702,2022-05-22 23:38:02,2.5693483635
1703,2022-05-22 23:38:02,2.5742038505
1704,2022-05-22 23:38:42,2.6003466989
1705,2022-05-22 23:38:49,2.5942310889
1706,2022-05-22 23:38:49,2.5893386009
1707,2022-05-22 23:38:52,2.5742528797
1708,2022-05-22 23:40:21,2.5661843027
1709,2022-05-22 23:42:47,2.5722703121999997
1710,2022-05-22 23:42:47,2.5771391197
1711,2022-05-22 23:43:54,2.5877502026999997
1712,2022-05-22 23:43:54,2.5830341657
1713,2022-05-22 23:46:03,2.5960230321999997
1714,2022-05-22 23:46:03,2.6026412957
1715,2022-05-22 23:46:38,2.6197827577
1716,2022-05-22 23:46:38,2.6180748597
1717,2022-05-22 23:46:38,2.6153149872
1718,2022-05-22 23:46:38,2.6074359067
1719,2022-05-22 23:46:38,2.6117715952
1720,2022-05-22 23:46:38,2.6137401462
1721,2022-05-22 23:47:49,2.6384852846
1722,2022-05-22 23:49:22,2.6467942146
1723,2022-05-22 23:49:22,2.6486072696000003
1724,2022-05-22 23:50:30,2.6501577131
1725,2022-05-22 23:50:30,2.6513980686
1726,2022-05-22 23:52:38,2.6553903526000004
1727,2022-05-22 23:52:38,2.6585841796
1728,2022-05-22 23:52:44,2.6591392416
1729,2022-05-22 23:52:44,2.6595832911
1730,2022-05-22 23:53:59,2.6521794019
1731,2022-05-22 23:53:59,2.6654188329
1732,2022-05-22 23:53:59,2.6595346414
1733,2022-05-22 23:55:03,2.6651261864
1734,2022-05-22 23:55:03,2.6648920689
1735,2022-05-22 23:55:45,2.6746047748999997
1736,2022-05-22 23:55:45,2.6823749399
1737,2022-05-23 00:00:19,2.6886910719
1738,2022-05-23 00:00:19,2.6937439773999996
1739,2022-05-23 00:02:11,2.7010021614
1740,2022-05-23 00:02:11,2.6977763019000003
1741,2022-05-23 00:03:21,2.7056653989
1742,2022-05-23 00:03:21,2.7035928488999996
1743,2022-05-23 00:04:45,2.7086498708999995
1744,2022-05-23 00:04:45,2.7073234388999996
1745,2022-05-23 00:04:53,2.7466843272999997
1746,2022-05-23 00:06:34,2.7368850382999996
1747,2022-05-23 00:08:26,2.7392626162999996
1748,2022-05-23 00:08:26,2.7401035328
1749,2022-05-23 00:18:52,2.7382681014
1750,2022-05-23 00:19:34,2.7347997564
1751,2022-05-23 00:19:43,2.7516250804
1752,2022-05-23 00:22:28,2.7623078133999996
1753,2022-05-23 00:22:28,2.7708539999
1754,2022-05-23 00:23:50,2.7847142591000003
1755,2022-05-23 00:32:22,2.7730024663
1756,2022-05-23 00:33:48,2.7640330323
1757,2022-05-23 00:33:51,2.8152574849
1758,2022-05-23 00:34:00,2.7998370471
1759,2022-05-23 00:34:12,2.7839006969
1760,2022-05-23 00:36:06,2.7710316165
1761,2022-05-23 00:36:13,2.7648563525
1762,2022-05-23 00:37:15,2.7915161411
1763,2022-05-23 00:40:03,2.7852826501
1764,2022-05-23 00:40:03,2.7880530906
1765,2022-05-23 00:43:03,2.7733809214000003
1766,2022-05-23 00:43:15,2.7816431862
1767,2022-05-23 00:45:23,2.7922529980000004
1768,2022-05-23 00:46:36,2.8011408474
1769,2022-05-23 00:47:15,2.7858511270000004
1770,2022-05-23 00:47:39,2.8200193506000004
1771,2022-05-23 00:51:06,2.7985539296
1772,2022-05-23 00:51:26,2.7817815926000002
1773,2022-05-23 00:52:17,2.7679637232000003
1774,2022-05-23 00:53:49,2.7581438482
1775,2022-05-23 00:53:49,2.7612769302
1776,2022-05-23 00:55:18,2.7482226346000003
1777,2022-05-23 00:58:04,2.7375830871
1778,2022-05-23 00:58:04,2.7315779146
1779,2022-05-23 00:58:14,2.7210104781999997
1780,2022-05-23 00:59:32,2.7158963402
1781,2022-05-23 00:59:32,2.7118050297000003
1782,2022-05-23 01:01:24,2.7138419812000003
1783,2022-05-23 01:01:24,2.7154715427
1784,2022-05-23 01:02:09,2.7135415935
1785,2022-05-23 01:03:15,2.7071576341
1786,2022-05-23 01:04:07,2.7028904667
1787,2022-05-23 01:05:42,2.7032570352
1788,2022-05-23 01:05:42,2.7030941157
1789,2022-05-23 01:06:18,2.7178803817
1790,2022-05-23 01:06:54,2.7348693945
1791,2022-05-23 01:11:01,2.7247006046999998
1792,2022-05-23 01:11:22,2.7270781277000005
1793,2022-05-23 01:11:22,2.7260938596999997
1794,2022-05-23 01:13:42,2.7407588279
1795,2022-05-23 01:15:15,2.8296908025
1796,2022-05-23 01:15:51,2.8012363821
1797,2022-05-23 01:17:54,2.8054379966
1798,2022-05-23 01:17:54,2.8040080651
1799,2022-05-23 01:18:12,2.7884045289
1800,2022-05-23 01:21:59,2.7959784058999997
1801,2022-05-23 01:21:59,2.8008935623999998
1802,2022-05-23 01:24:40,2.7812507332
1803,2022-05-23 01:26:54,2.76513647
1804,2022-05-23 01:30:30,2.7490450596
1805,2022-05-23 01:32:09,2.736171931
1806,2022-05-23 01:32:24,2.7290734282
1807,2022-05-23 01:32:25,2.7233946259999997
1808,2022-05-23 01:33:18,2.7116515841999997
1809,2022-05-23 01:34:13,2.6755294092
1810,2022-05-23 01:34:13,2.6915837092
1811,2022-05-23 01:35:38,2.6861892758000003
1812,2022-05-23 01:38:34,2.6814737292000004
1813,2022-05-23 01:38:37,2.6777012918
1814,2022-05-23 01:38:38,2.6746833418000002
1815,2022-05-23 01:41:05,2.6766689820000003
1816,2022-05-23 01:42:48,2.721737494
1817,2022-05-23 01:44:41,2.7463123036000003
1818,2022-05-23 01:47:15,2.7327721514000003
1819,2022-05-23 01:50:17,2.7649160296
1820,2022-05-23 01:50:19,2.744055132
1821,2022-05-23 01:54:41,2.7241664140000004
1822,2022-05-23 01:56:28,2.6849939220000003
1823,2022-05-23 01:56:28,2.6952686740000003
1824,2022-05-23 01:58:07,2.6753576998
1825,2022-05-23 01:59:24,2.6468631463000003
1826,2022-05-23 01:59:24,2.6322873048
1827,2022-05-23 02:02:06,2.6231585252
1828,2022-05-23 02:03:00,2.6150515016
1829,2022-05-23 02:03:00,2.6073698828
1830,2022-05-23 02:05:43,2.6124245876
1831,2022-05-23 02:05:54,2.6044683516
1832,2022-05-23 02:06:25,2.5981033626
1833,2022-05-23 02:08:02,2.5930113716000003
1834,2022-05-23 02:08:55,2.6009377786
1835,2022-05-23 02:11:42,2.5952789044
1836,2022-05-23 02:12:09,2.590751805
1837,2022-05-23 02:14:21,2.5851301254
1838,2022-05-23 02:15:02,2.5826323818
1839,2022-05-23 02:15:41,2.5818345868000003
1840,2022-05-23 02:16:37,2.5751739138
1841,2022-05-23 02:16:37,2.5698453753
1842,2022-05-23 02:22:10,2.5800071395
1843,2022-05-23 02:25:08,2.5877365507
1844,2022-05-23 02:26:28,2.5843200797000003
1845,2022-05-23 02:26:29,2.5775869029000003
1846,2022-05-23 02:26:52,2.5699138079
1847,2022-05-23 02:26:52,2.5733240724
1848,2022-05-23 02:31:02,2.593537531
1849,2022-05-23 02:32:47,2.5841082978
1850,2022-05-23 02:34:34,2.5757872523
1851,2022-05-23 02:34:34,2.5779698213
1852,2022-05-23 02:43:45,2.6044264307000002
1853,2022-05-23 02:50:23,2.5915917223
1854,2022-05-23 02:51:26,2.5876630978
1855,2022-05-23 02:51:26,2.5862662533
1856,2022-05-23 02:54:30,2.5799984867
1857,2022-05-23 02:54:44,2.5838810112
1858,2022-05-23 02:54:44,2.5869870307
1859,2022-05-23 02:57:13,2.5799728173
1860,2022-05-23 02:59:09,2.5844454858
1861,2022-05-23 02:59:09,2.5824576332999998
1862,2022-05-23 03:00:51,2.5860347678
1863,2022-05-23 03:00:51,2.5873061933
1864,2022-05-23 03:09:52,2.5883243338
1865,2022-05-23 03:09:52,2.5891388463
1866,2022-05-23 03:10:34,2.5897904563000003
1867,2022-05-23 03:10:34,2.5903117438
1868,2022-05-23 03:13:12,2.5937287742999997
1869,2022-05-23 03:13:12,2.5964623988
1870,2022-05-23 03:13:15,2.6071988178
1871,2022-05-23 03:13:15,2.6112384333
1872,2022-05-23 03:13:15,2.6164701258000003
1873,2022-05-23 03:13:15,2.6166554798
1874,2022-05-23 03:13:15,2.6188037628
1875,2022-05-23 03:13:15,2.6185223893
1876,2022-05-23 03:13:15,2.6182972908
1877,2022-05-23 03:13:15,2.6046492983
1878,2022-05-23 03:14:34,2.6301172118
1879,2022-05-23 03:14:34,2.6395731488000003
1880,2022-05-23 03:19:16,2.676721778
1881,2022-05-23 03:19:29,2.685286527
1882,2022-05-23 03:19:29,2.6921383270000003
1883,2022-05-23 03:20:43,2.6854972304
1884,2022-05-23 03:21:15,2.7293843532
1885,2022-05-23 03:21:19,2.7204940514000002
1886,2022-05-23 03:22:04,2.74978181
1887,2022-05-23 03:22:11,2.7368120168
1888,2022-05-23 03:22:18,2.7216361822
1889,2022-05-23 03:22:44,2.7251176217
1890,2022-05-23 03:22:44,2.7279027732000003
1891,2022-05-23 03:23:07,2.7804821056
1892,2022-05-23 03:23:10,2.7570255716
1893,2022-05-23 03:23:12,2.7438599444
1894,2022-05-23 03:23:27,2.7936878424
1895,2022-05-23 03:23:54,2.7731501610000002
1896,2022-05-23 03:24:27,2.7753607794999997
1897,2022-05-23 03:24:27,2.7743782825
1898,2022-05-23 03:25:03,2.7723881333000002
1899,2022-05-23 03:25:52,2.7507960181
1900,2022-05-23 03:26:03,2.7525645131
1901,2022-05-23 03:26:03,2.7531933111
1902,2022-05-23 03:28:34,2.7379196187000003
1903,2022-05-23 03:29:26,2.7257006649
1904,2022-05-23 03:29:27,2.7439255019
1905,2022-05-23 03:31:01,2.7464285404
1906,2022-05-23 03:31:01,2.7484309714
1907,2022-05-23 03:31:26,2.7510329159
1908,2022-05-23 03:31:26,2.7531144714
1909,2022-05-23 03:31:55,2.7436943410000003
1910,2022-05-23 03:34:11,2.7741582366
1911,2022-05-23 03:34:34,2.7807556771
1912,2022-05-23 03:34:34,2.7778234811000004
1913,2022-05-23 03:35:07,2.7601945977
1914,2022-05-23 03:36:22,2.7440914909000003
1915,2022-05-23 03:36:30,2.7324090055
1916,2022-05-23 03:40:04,2.730563563
1917,2022-05-23 03:40:04,2.732686958
1918,2022-05-23 03:43:44,2.7229409696
1919,2022-05-23 03:44:31,2.7199041788000002
1920,2022-05-23 03:46:31,2.7255147464
1921,2022-05-23 03:50:40,2.7224031604
1922,2022-05-23 03:57:41,2.7208220769
1923,2022-05-23 03:57:41,2.7205810499
1924,2022-05-23 03:58:42,2.7132918211
1925,2022-05-23 03:59:13,2.7322604379
1926,2022-05-23 04:01:59,2.7336942869
1927,2022-05-23 04:01:59,2.7346485444
1928,2022-05-23 04:04:54,2.725423438
1929,2022-05-23 04:05:27,2.8224433528
1930,2022-05-23 04:07:09,2.8232067588
1931,2022-05-23 04:07:09,2.8238174837999996
1932,2022-05-23 04:08:59,2.8264969273
1933,2022-05-23 04:08:59,2.8253060633
1934,2022-05-23 04:14:44,2.8093219953
1935,2022-05-23 04:15:01,2.7965347407
1936,2022-05-23 04:16:29,2.7799049371
1937,2022-05-23 04:17:45,2.8186010943
1938,2022-05-23 04:20:55,2.7971180199
1939,2022-05-23 04:21:52,2.8003715605
1940,2022-05-23 04:23:19,2.8112503929
1941,2022-05-23 04:27:23,2.7936774589
1942,2022-05-23 04:30:54,2.7732191117
1943,2022-05-23 04:36:03,2.7753626667
1944,2022-05-23 04:36:03,2.7761248197
1945,2022-05-23 04:39:08,2.7867345422
1946,2022-05-23 04:39:08,2.7952223197
1947,2022-05-23 04:39:17,2.7792156419
1948,2022-05-23 04:43:21,2.7664502997
1949,2022-05-23 04:49:22,2.7562380259
1950,2022-05-23 04:49:55,2.7720682069
1951,2022-05-23 05:11:09,2.7645323514999998
1952,2022-05-23 05:15:49,2.7603747514999997
1953,2022-05-23 05:15:49,2.762222574
1954,2022-05-23 05:17:03,2.757893888
1955,2022-05-23 05:17:03,2.758996494
1956,2022-05-23 05:20:56,2.75716781
1957,2022-05-23 05:24:26,2.7485048626
1958,2022-05-23 05:24:28,2.7415745046
1959,2022-05-23 05:26:31,2.7392302184
1960,2022-05-23 05:34:09,2.7365398594
1961,2022-05-23 05:34:09,2.7372455274000003
1962,2022-05-23 05:34:51,2.7459753249000003
1963,2022-05-23 05:34:51,2.7535236974
1964,2022-05-23 05:37:31,2.7515242684
1965,2022-05-23 05:43:40,2.7475629664
1966,2022-05-23 05:43:40,2.7443939249
1967,2022-05-23 05:45:03,2.7513586914
1968,2022-05-23 05:45:03,2.7569305048999997
1969,2022-05-23 05:50:36,2.9706549616999998
1970,2022-05-23 05:50:39,2.9220345270999997
1971,2022-05-23 05:52:30,2.9159919775999996
1972,2022-05-23 05:52:30,2.9111579386
1973,2022-05-23 05:54:36,2.9366615908000004
1974,2022-05-23 06:03:12,2.9046645128
1975,2022-05-23 06:09:28,3.0114668502
1976,2022-05-23 06:15:46,2.9569087202000004
1977,2022-05-23 06:18:06,2.9132622162
1978,2022-05-23 06:20:38,2.874345013
1979,2022-05-23 06:20:51,2.9072032504000003
1980,2022-05-23 06:21:47,2.8730978404000003
1981,2022-05-23 06:25:03,2.8982135124000004
1982,2022-05-23 06:36:18,2.9515510971000003
1983,2022-05-23 06:36:18,2.9278455039
1984,2022-05-23 06:36:33,2.9705155719
1985,2022-05-23 06:36:33,2.9856871515
1986,2022-05-23 06:41:35,3.0133396891
1987,2022-05-23 06:42:12,2.9719017191
1988,2022-05-23 06:42:42,2.9387513431
1989,2022-05-23 06:48:17,2.9262310423
1990,2022-05-23 06:49:39,3.1217668016999998
1991,2022-05-23 06:52:26,3.1285895697
1992,2022-05-23 06:52:26,3.1340477847
1993,2022-05-23 07:10:38,3.0745243923000003
1994,2022-05-23 07:13:20,3.0229056783
1995,2022-05-23 07:18:40,2.9816107071
1996,2022-05-23 07:42:10,2.9762872790999997
1997,2022-05-23 07:42:10,2.9720285361000003
1998,2022-05-23 07:51:25,2.9385925591000004
1999,2022-05-23 07:52:22,2.9351855651
2000,2022-05-23 07:52:22,2.9324599701
2001,2022-05-23 08:00:28,2.9282794941000003
2002,2022-05-23 08:00:28,2.9249351131
2003,2022-05-23 08:03:37,2.8985463315
2004,2022-05-23 08:05:06,2.8774353062999998
2005,2022-05-23 08:12:32,2.8645864861
2006,2022-05-23 08:18:58,2.8743074299
2007,2022-05-23 08:19:13,2.9024841851
2008,2022-05-23 08:20:18,2.8802255891
2009,2022-05-23 08:21:28,2.8672187123
2010,2022-05-23 08:22:29,2.8568132109
2011,2022-05-23 08:22:34,2.8519973019
2012,2022-05-23 08:22:34,2.8541377059
2013,2022-05-23 08:36:44,2.8505351204
2014,2022-05-23 08:36:44,2.8511849789
2015,2022-05-23 08:48:37,2.8408605777
2016,2022-05-23 08:52:21,2.8386010569
2017,2022-05-23 09:00:22,2.8527934001000004
2018,2022-05-23 09:06:47,2.8397473147000003
2019,2022-05-23 09:08:31,2.8337104465
2020,2022-05-23 09:08:57,2.8348809519000002
2021,2022-05-23 09:10:29,2.8253773561
2022,2022-05-23 09:10:51,2.8177744795
2023,2022-05-23 09:11:57,2.8116921783
2024,2022-05-23 09:14:26,2.8312663373
2025,2022-05-23 09:19:08,2.8309256645
2026,2022-05-23 09:20:07,2.8293400099999997
2027,2022-05-23 09:20:07,2.8297559194999997
2028,2022-05-23 09:33:40,2.8208833813
2029,2022-05-23 09:34:56,2.8183853507
2030,2022-05-23 09:36:47,2.8111869262999996
2031,2022-05-23 09:37:35,2.8058281867
2032,2022-05-23 09:45:26,2.8063011948999996
2033,2022-05-23 09:46:40,2.8014796016999997
2034,2022-05-23 09:49:30,2.7976623269
2035,2022-05-23 10:10:31,2.7942085072999996
2036,2022-05-23 10:11:15,2.7922454515
2037,2022-05-23 10:17:26,2.7902350068999997
2038,2022-05-23 10:18:59,2.7882666511
2039,2022-05-23 10:24:49,2.7918919664999997
2040,2022-05-23 10:31:32,2.8151922189
2041,2022-05-23 10:31:48,2.8338324207
2042,2022-05-23 10:34:11,2.8275976017
2043,2022-05-23 10:34:11,2.8301837837000003
2044,2022-05-23 10:49:01,2.8190959453000004
2045,2022-05-23 10:50:18,2.8102256745000003
2046,2022-05-23 11:09:38,2.8031294579000003
2047,2022-05-23 11:10:18,2.7974524845000004
2048,2022-05-23 11:10:45,2.7922442393000004
2049,2022-05-23 11:10:50,2.7887443097
2050,2022-05-23 11:11:38,2.7902159611000004
2051,2022-05-23 11:23:42,2.7867216871000005
2052,2022-05-23 11:29:18,2.7834862679000003
2053,2022-05-23 11:31:58,2.7811579327000002
2054,2022-05-23 11:32:14,2.7792952643000004
2055,2022-05-23 11:33:31,2.7783851297
2056,2022-05-23 11:35:07,2.7767770221
2057,2022-05-23 11:36:49,2.7743705359
2058,2022-05-23 11:36:53,2.7724453469000006
2059,2022-05-23 11:38:46,2.7705051959
2060,2022-05-23 11:39:20,2.7689530749
2061,2022-05-23 11:49:52,2.7608427909
2062,2022-05-23 11:49:52,2.7632979474
2063,2022-05-23 11:52:30,2.7620562507999997
2064,2022-05-23 11:52:43,2.7594628934
2065,2022-05-23 11:55:23,2.7565882074
2066,2022-05-23 11:55:26,2.7542884586
2067,2022-05-23 11:55:38,2.7526313756
2068,2022-05-23 11:55:51,2.7515229934
2069,2022-05-23 11:58:46,2.7494362874
2070,2022-05-23 12:01:39,2.7853669225999997
2071,2022-05-23 12:10:38,2.776111431
2072,2022-05-23 12:14:27,2.7251208489999996
2073,2022-05-23 12:14:27,2.7466921495
2074,2022-05-23 12:15:20,2.7388877559
2075,2022-05-23 12:15:45,2.7450442413
2076,2022-05-23 12:17:32,2.7495694295
2077,2022-05-23 12:20:10,2.7491895801
2078,2022-05-23 12:21:26,2.7392857005
2079,2022-05-23 12:24:07,2.7369625968999998
2080,2022-05-23 12:25:21,2.7315041139
2081,2022-05-23 12:27:20,2.7231373277
2082,2022-05-23 12:29:28,2.6843089872
2083,2022-05-23 12:29:28,2.6705033551999997
2084,2022-05-23 12:33:38,2.679809926
2085,2022-05-23 12:33:45,2.6712551827999995
2086,2022-05-23 12:38:02,2.6644113881999996
2087,2022-05-23 12:38:22,2.6589363525999996
2088,2022-05-23 12:39:54,2.6545563239999996
2089,2022-05-23 12:40:05,2.6526523012
2090,2022-05-23 12:41:15,2.6575290827999996
2091,2022-05-23 12:42:55,2.6534301082
2092,2022-05-23 12:46:07,2.6481513285999996
2093,2022-05-23 12:46:47,2.6459283047999995
2094,2022-05-23 12:47:51,2.6417498857999995
2095,2022-05-23 12:52:21,2.6368071505999997
2096,2022-05-23 12:53:18,2.6340529623999998
2097,2022-05-23 12:53:26,2.6306496119999996
2098,2022-05-23 12:54:16,2.652815106
2099,2022-05-23 12:54:16,2.6705475015
2100,2022-05-23 12:54:33,2.6678248209000004
2101,2022-05-23 12:54:33,2.6656466767
2102,2022-05-23 12:55:30,2.6639041611000005
2103,2022-05-23 12:56:13,2.6785101489
2104,2022-05-23 12:56:25,2.6741949389000004
2105,2022-05-23 12:57:31,2.6707427709000005
2106,2022-05-23 12:57:39,2.7479810367
2107,2022-05-23 13:09:53,2.8097716491000004
2108,2022-05-23 13:19:30,2.7984041393000005
2109,2022-05-23 13:22:16,2.7268414031
2110,2022-05-23 13:22:16,2.6695912140500004
2111,2022-05-23 13:23:37,2.57164491955
2112,2022-05-23 13:23:37,2.58968845005
2113,2022-05-23 13:23:37,2.63746713055
2114,2022-05-23 13:23:37,2.60986786355
2115,2022-05-23 13:23:51,2.6215738555500003
2116,2022-05-23 13:25:41,2.58436822705
2117,2022-05-23 13:25:41,2.5839160865500004
2118,2022-05-23 13:26:02,2.56701930905
2119,2022-05-23 13:26:02,2.57472993905
2120,2022-05-23 13:26:49,2.55591600155
2121,2022-05-23 13:26:49,2.5608508045500002
2122,2022-05-23 13:26:56,2.55021559815
2123,2022-05-23 13:27:21,2.54890743295
2124,2022-05-23 13:28:30,2.5368665129500005
2125,2022-05-23 13:28:30,2.54002478695
2126,2022-05-23 13:28:42,2.5323185984500003
2127,2022-05-23 13:28:42,2.5343398934500003
2128,2022-05-23 13:30:59,2.52285743945
2129,2022-05-23 13:30:59,2.52940793295
2130,2022-05-23 13:30:59,2.53070156195
2131,2022-05-23 13:30:59,2.5225134454500004
2132,2022-05-23 13:31:52,2.5215527914500004
2133,2022-05-23 13:31:52,2.52213263495
2134,2022-05-23 13:31:52,2.5273730294500005
2135,2022-05-23 13:31:52,2.5257451069500005
2136,2022-05-23 13:33:54,2.4974985749500003
2137,2022-05-23 13:34:59,2.4971962369500003
2138,2022-05-23 13:34:59,2.4969543664500002
2139,2022-05-23 13:34:59,2.49427128445
2140,2022-05-23 13:34:59,2.49384238445
2141,2022-05-23 13:37:09,2.57124515865
2142,2022-05-23 13:37:13,2.5451673782500004
2143,2022-05-23 13:41:48,2.5239051538500004
2144,2022-05-23 13:42:16,2.50689537425
2145,2022-05-23 13:44:05,2.48528755065
2146,2022-05-23 13:44:09,2.46440129165
2147,2022-05-23 13:45:27,2.45089228465
2148,2022-05-23 13:45:57,2.4566643046500003
2149,2022-05-23 13:45:57,2.46093880065
2150,2022-05-23 13:45:57,2.4588107701500004
2151,2022-05-23 13:45:57,2.4626559731500004
2152,2022-05-23 13:47:35,2.46664876735
2153,2022-05-23 13:48:04,2.4818430027500002
2154,2022-05-23 13:49:11,2.47599839115
2155,2022-05-23 13:51:34,2.45932270175
2156,2022-05-23 13:51:40,2.44798215035
2157,2022-05-23 13:52:04,2.44605831235
2158,2022-05-23 13:52:04,2.44468457435
2159,2022-05-23 13:52:04,2.44342025185
2160,2022-05-23 13:52:04,2.44451924235
2161,2022-05-23 13:54:36,2.4424087938500003
2162,2022-05-23 13:54:36,2.44230298135
2163,2022-05-23 13:54:36,2.44328798635
2164,2022-05-23 13:54:36,2.44159962735
2165,2022-05-23 13:57:19,2.4437271861500003
2166,2022-05-23 13:59:48,2.45222923335
2167,2022-05-23 14:02:39,2.43903087095
2168,2022-05-23 14:03:13,2.42847218115
2169,2022-05-23 14:03:20,2.46802522915
2170,2022-05-23 14:04:46,2.4673778961500004
2171,2022-05-23 14:04:46,2.4673101761500003
2172,2022-05-23 14:04:46,2.4668600296500003
2173,2022-05-23 14:04:46,2.4679405791500004
2174,2022-05-23 14:06:31,2.47511430215
2175,2022-05-23 14:06:31,2.4714457366500002
2176,2022-05-23 14:06:31,2.4718058536500003
2177,2022-05-23 14:06:31,2.47540239565
2178,2022-05-23 14:07:51,2.4875970361500004
2179,2022-05-23 14:07:51,2.48227962915
2180,2022-05-23 14:07:51,2.4877814161500003
2181,2022-05-23 14:07:51,2.4820491541500003
2182,2022-05-23 14:08:09,2.4692115925500002
2183,2022-05-23 14:08:30,2.46666642755
2184,2022-05-23 14:08:30,2.46654842455
2185,2022-05-23 14:08:30,2.4703452840500004
2186,2022-05-23 14:08:30,2.4701977800500003
2187,2022-05-23 14:09:33,2.46262894005
2188,2022-05-23 14:09:33,2.4627233425500004
2189,2022-05-23 14:09:33,2.45949335255
2190,2022-05-23 14:09:33,2.4595688745500004
2191,2022-05-23 14:09:45,2.44577882535
2192,2022-05-23 14:11:36,2.4467467859500003
2193,2022-05-23 14:11:49,2.4555211545500004
2194,2022-05-23 14:11:56,2.46254064935
2195,2022-05-23 14:11:59,2.44815624515
2196,2022-05-23 14:12:02,2.44984872195
2197,2022-05-23 14:12:03,2.45800270315
2198,2022-05-23 14:12:10,2.46452588835
2199,2022-05-23 14:12:17,2.46974443635
2200,2022-05-23 14:12:18,2.45391927475
2201,2022-05-23 14:12:32,2.46125914555
2202,2022-05-23 14:12:41,2.46713104215
2203,2022-05-23 14:12:57,2.46360746765
2204,2022-05-23 14:12:57,2.46074027365
2205,2022-05-23 14:12:57,2.46078860815
2206,2022-05-23 14:12:57,2.46354705015
2207,2022-05-23 14:14:00,2.45850144715
2208,2022-05-23 14:14:00,2.45870379165
2209,2022-05-23 14:14:00,2.45949485315
2210,2022-05-23 14:14:00,2.45949851615
2211,2022-05-23 14:14:00,2.45953352015
2212,2022-05-23 14:14:00,2.45952945015
2213,2022-05-23 14:14:00,2.45852619415
2214,2022-05-23 14:14:00,2.45872358915
2215,2022-05-23 14:15:12,2.45688150515
2216,2022-05-23 14:15:12,2.45686566715
2217,2022-05-23 14:15:12,2.45540783815
2218,2022-05-23 14:15:12,2.45539516765
2219,2022-05-23 14:15:41,2.3736433954600002
2220,2022-05-23 14:15:41,2.4099775164399997
2221,2022-05-23 14:16:48,2.41080111694
2222,2022-05-23 14:16:48,2.4108112534400004
2223,2022-05-23 14:16:48,2.41146810644
2224,2022-05-23 14:16:48,2.4114599969399997
2225,2022-05-23 14:18:10,2.39815751414
2226,2022-05-23 14:18:33,2.3935263021399997
2227,2022-05-23 14:18:33,2.39558461864
2228,2022-05-23 14:18:33,2.39559110614
2229,2022-05-23 14:18:33,2.39353149164
2230,2022-05-23 14:19:17,2.39614232614
2231,2022-05-23 14:19:17,2.39497964864
2232,2022-05-23 14:19:17,2.39614564764
2233,2022-05-23 14:19:17,2.39498380064
2234,2022-05-23 14:20:36,2.4211418144400003
2235,2022-05-23 14:20:39,2.4722304819400005
2236,2022-05-23 14:20:39,2.5121745954400003
2237,2022-05-23 14:20:39,2.5121767209400003
2238,2022-05-23 14:20:39,2.47223313894
2239,2022-05-23 14:46:20,2.5051288859400005
2240,2022-05-23 14:46:20,2.49949231894
2241,2022-05-23 14:46:20,2.4994936794400004
2242,2022-05-23 14:46:20,2.50513058694
2243,2022-05-23 15:03:53,2.4877783324400005
2244,2022-05-23 15:03:53,2.4929851534400003
2245,2022-05-23 15:03:53,2.49298406494
2246,2022-05-23 15:03:53,2.4877774619400004
2247,2022-05-23 15:27:22,2.4817205104399997
2248,2022-05-23 15:27:22,2.48171995344
2249,2022-05-23 15:27:22,2.4844121794400005
2250,2022-05-23 15:27:22,2.4844128759400004
2251,2022-05-23 15:37:19,2.48720350444
2252,2022-05-23 15:37:19,2.4851530134399997
2253,2022-05-23 15:37:19,2.48351262094
2254,2022-05-23 15:37:19,2.48476661844
2255,2022-05-23 15:37:19,2.4847661724399996
2256,2022-05-23 15:37:19,2.48515272844
2257,2022-05-23 15:37:19,2.4835123924399998
2258,2022-05-23 15:37:19,2.48720314794
2259,2022-05-23 15:38:07,2.3805793927799996
2260,2022-05-23 15:38:07,2.4118192302
2261,2022-05-23 15:38:27,2.3959456414
2262,2022-05-23 15:39:29,2.3832467702
2263,2022-05-23 15:40:55,2.3732437462
2264,2022-05-23 15:40:55,2.3641541962
2265,2022-05-23 15:40:55,2.3681940772
2266,2022-05-23 15:40:55,2.3732439287
2267,2022-05-23 15:40:55,2.3681939312
2268,2022-05-23 15:40:55,2.3641540792
2269,2022-05-23 15:40:55,2.3609221977
2270,2022-05-23 15:40:55,2.3609222912
2271,2022-05-23 15:43:10,2.4283631942
2272,2022-05-23 15:43:29,2.4307775957
2273,2022-05-23 15:43:29,2.4327091912
2274,2022-05-23 15:43:29,2.4307776702
2275,2022-05-23 15:43:29,2.4327092512
2276,2022-05-23 15:44:34,2.3565920479
2277,2022-05-23 15:44:34,2.37653754385
2278,2022-05-23 15:44:41,2.32787053372
2279,2022-05-23 15:44:41,2.34063565114
2280,2022-05-23 15:44:46,2.30948876467
2281,2022-05-23 15:44:46,2.3176584397899997
2282,2022-05-23 15:45:22,2.3320111623899997
2283,2022-05-23 15:45:45,2.30949334039
2284,2022-05-23 15:45:57,2.32147908259
2285,2022-05-23 15:46:25,2.3050676765900002
2286,2022-05-23 15:47:20,2.29593855179
2287,2022-05-23 15:48:08,2.27708454446
2288,2022-05-23 15:48:08,2.28183313655
2289,2022-05-23 15:48:12,2.2774256707880003
2290,2022-05-23 15:48:12,2.277698571851
2291,2022-05-23 15:49:02,2.272011392699
2292,2022-05-23 15:49:02,2.267461649381
2293,2022-05-23 15:49:07,2.279006866381
2294,2022-05-23 15:49:07,2.2882430873810002
2295,2022-05-23 15:49:07,2.279006913881
2296,2022-05-23 15:49:07,2.2882431258810003
2297,2022-05-23 15:50:51,2.3087432463810003
2298,2022-05-23 15:50:51,2.299632064881
2299,2022-05-23 15:50:51,2.2996320953810003
2300,2022-05-23 15:50:51,2.308743270881
2301,2022-05-23 15:51:51,2.36500897622
2302,2022-05-23 15:51:51,2.4100215404900003
2303,2022-05-23 15:51:55,2.44603159193
2304,2022-05-23 15:51:55,2.47483963307
2305,2022-05-23 15:52:20,2.51632321229
2306,2022-05-23 15:52:20,2.49788606597
2307,2022-05-23 15:52:57,2.53107292934
2308,2022-05-23 15:52:57,2.54287270301
2309,2022-05-23 15:59:14,2.58156940301
2310,2022-05-23 15:59:56,2.56332676301
2311,2022-05-23 15:59:57,2.54873265121
2312,2022-05-23 16:00:00,2.53705736161
2313,2022-05-23 16:00:02,2.52771713001
2314,2022-05-23 16:00:04,2.52024494461
2315,2022-05-23 16:00:06,2.51426719641
2316,2022-05-23 16:00:09,2.50948499781
2317,2022-05-23 16:00:12,2.49925923901
2318,2022-05-23 16:00:28,2.49667863181
2319,2022-05-23 16:01:19,2.4863987243100003
2320,2022-05-23 16:01:19,2.48639870881
2321,2022-05-23 16:01:19,2.49096755231
2322,2022-05-23 16:01:19,2.49096757231
2323,2022-05-23 16:03:07,2.48250308671
2324,2022-05-23 16:03:10,2.47573149811
2325,2022-05-23 16:03:53,2.46098349961
2326,2022-05-23 16:03:53,2.46550755961
2327,2022-05-23 16:03:53,2.46098350961
2328,2022-05-23 16:03:53,2.46550757211
2329,2022-05-23 16:14:16,2.47049030131
2330,2022-05-23 16:16:34,2.47007648451
2331,2022-05-23 16:18:22,2.47134543131
2332,2022-05-23 16:19:07,2.5407852503
2333,2022-05-23 16:19:07,2.5963371053
2334,2022-05-23 16:19:55,2.6061122625
2335,2022-05-23 16:21:23,2.6422487885
2336,2022-05-23 16:21:53,2.6568816091
2337,2022-05-23 16:22:39,2.7196428966
2338,2022-05-23 16:22:39,2.6897382966
2339,2022-05-23 16:22:39,2.7196428901000003
2340,2022-05-23 16:22:39,2.6897382886
2341,2022-05-23 16:23:08,2.6766445452
2342,2022-05-23 16:23:32,2.6669695503999997
2343,2022-05-23 16:23:44,2.7057978333999997
2344,2022-05-23 16:23:44,2.7129367784
2345,2022-05-23 16:23:44,2.7057978384
2346,2022-05-23 16:23:44,2.7129367824
2347,2022-05-23 16:24:13,2.7043967866000003
2348,2022-05-23 16:26:06,2.69996479
2349,2022-05-23 16:26:20,2.7035791926
2350,2022-05-23 16:26:48,2.7273107148
2351,2022-05-23 16:26:50,2.7154959326
2352,2022-05-23 16:30:52,2.7092070846
2353,2022-05-23 16:30:52,2.7311760091
2354,2022-05-23 16:30:52,2.7291393506
2355,2022-05-23 16:30:52,2.7207511491000003
2356,2022-05-23 16:30:52,2.7191218221
2357,2022-05-23 16:30:52,2.7404112611
2358,2022-05-23 16:30:52,2.7311760121
2359,2022-05-23 16:30:52,2.7207511511
2360,2022-05-23 16:30:52,2.7404112626
2361,2022-05-23 16:30:52,2.7092070876000003
2362,2022-05-23 16:30:52,2.7291393521000002
2363,2022-05-23 16:30:52,2.7191218231
2364,2022-05-23 16:32:34,2.7391077996
2365,2022-05-23 16:32:34,2.7550965811
2366,2022-05-23 16:32:34,2.7391078001
2367,2022-05-23 16:32:34,2.7550965821
2368,2022-05-23 16:37:52,2.7768447563
2369,2022-05-23 16:38:40,2.7512686018
2370,2022-05-23 16:38:40,2.7512686013
2371,2022-05-23 16:38:40,2.7626357812999998
2372,2022-05-23 16:38:40,2.7626357808
2373,2022-05-23 16:40:17,2.74963432
2374,2022-05-23 16:42:52,2.7391931516000003
2375,2022-05-23 16:46:48,2.7207322286
2376,2022-05-23 16:46:48,2.7150572336
2377,2022-05-23 16:49:35,2.9671442986
2378,2022-05-23 16:52:49,2.9088139508
2379,2022-05-23 16:54:57,2.8986619578
2380,2022-05-23 16:54:57,2.9031739548
2381,2022-05-23 16:54:57,2.8986619583
2382,2022-05-23 16:58:02,2.8499976801
2383,2022-05-23 16:58:44,2.8122662575
2384,2022-05-23 17:00:38,2.7987489815
2385,2022-05-23 17:00:38,2.798748982
2386,2022-05-23 17:00:38,2.8047566600000002
2387,2022-05-23 17:00:38,2.8047566595
2388,2022-05-23 17:02:34,2.7733715213
2389,2022-05-23 17:06:42,2.7482634109
2390,2022-05-23 17:08:41,2.7277769225
2391,2022-05-23 17:10:03,2.7077877317
2392,2022-05-23 17:10:47,2.7077963791
2393,2022-05-23 17:12:09,2.6950032971
2394,2022-05-23 17:12:38,2.6623445631
2395,2022-05-23 17:12:38,2.6741894771
2396,2022-05-23 17:41:30,2.6639150115000003
2397,2022-05-23 17:41:40,2.6515941665000002
2398,2022-05-23 17:41:40,2.6512134215
2399,2022-05-23 17:42:52,2.6478338489
2400,2022-05-23 17:43:24,2.6399301909
2401,2022-05-23 17:46:54,2.6348072645
2402,2022-05-23 17:50:58,2.6294689235
2403,2022-05-23 17:52:32,2.6271643275
2404,2022-05-23 17:52:32,2.625320651
2405,2022-05-23 17:55:25,2.6820657565
2406,2022-05-23 17:55:25,2.6568457094999998
2407,2022-05-23 17:56:03,2.6524150365
2408,2022-05-23 17:58:02,2.6485904981
2409,2022-05-23 17:58:30,2.7592108675
2410,2022-05-23 17:59:06,2.7477071631
